Username,"Last Name","First Name",Email,"New Password","Student ID"
1005856728,Koelpin,Maverick,maverick.koelpin.1005856728@codehaus.se,p2d1234,1005856728
1009331438,Kohler,Eulalia,eulalia.kohler.1009331438@codehaus.se,p2d1234,1009331438
1011098540,Kozey,Joshua,joshua.kozey.1011098540@codehaus.se,p2d1234,1011098540
1025049304,Cummerata,Johnathan,johnathan.cummerata.1025049304@codehaus.se,p2d1234,1025049304
1026521330,Lockman,Matilda,matilda.lockman.1026521330@codehaus.se,p2d1234,1026521330
1033417876,Renner,Ilene,ilene.renner.1033417876@codehaus.se,p2d1234,1033417876
1046292507,Okuneva,Mariah,mariah.okuneva.1046292507@codehaus.se,p2d1234,1046292507
1066814077,Cormier,Hilda,hilda.cormier.1066814077@codehaus.se,p2d1234,1066814077
1074427029,Goldner,Velma,velma.goldner.1074427029@codehaus.se,p2d1234,1074427029
1099154893,Schimmel,Justus,justus.schimmel.1099154893@codehaus.se,p2d1234,1099154893
1104151899,Feest,Estevan,estevan.feest.1104151899@codehaus.se,p2d1234,1104151899
1107897073,Becker,Paige,paige.becker.1107897073@codehaus.se,p2d1234,1107897073
1114784051,Metz,Jevon,jevon.metz.1114784051@codehaus.se,p2d1234,1114784051
1123978773,Pouros,Judge,judge.pouros.1123978773@codehaus.se,p2d1234,1123978773
1151541615,Eichmann,Ezequiel,ezequiel.eichmann.1151541615@codehaus.se,p2d1234,1151541615
1152154607,Kuhn,Hilton,hilton.kuhn.1152154607@codehaus.se,p2d1234,1152154607
1171257561,Farrell,Dejah,dejah.farrell.1171257561@codehaus.se,p2d1234,1171257561
1176190891,Altenwerth,Baylee,baylee.altenwerth.1176190891@codehaus.se,p2d1234,1176190891
1179005573,Ritchie,America,america.ritchie.1179005573@codehaus.se,p2d1234,1179005573
1204179198,Johns,Walton,walton.johns.1204179198@codehaus.se,p2d1234,1204179198
1226636694,Kling,Lexie,lexie.kling.1226636694@codehaus.se,p2d1234,1226636694
1243497351,O'Conner,Elroy,elroy.o'conner.1243497351@codehaus.se,p2d1234,1243497351
1247884071,D'Amore,Lynn,lynn.d'amore.1247884071@codehaus.se,p2d1234,1247884071
1265326397,Rodriguez,Mya,mya.rodriguez.1265326397@codehaus.se,p2d1234,1265326397
1319907674,Schmidt,Fiona,fiona.schmidt.1319907674@codehaus.se,p2d1234,1319907674
1328705910,Konopelski,Timmothy,timmothy.konopelski.1328705910@codehaus.se,p2d1234,1328705910
1345923271,Rowe,Aurelio,aurelio.rowe.1345923271@codehaus.se,p2d1234,1345923271
1346683096,Emmerich,Kari,kari.emmerich.1346683096@codehaus.se,p2d1234,1346683096
1370420059,Kub,Lois,lois.kub.1370420059@codehaus.se,p2d1234,1370420059
1374589649,Treutel,Jamir,jamir.treutel.1374589649@codehaus.se,p2d1234,1374589649
1384175441,Howell,Barton,barton.howell.1384175441@codehaus.se,p2d1234,1384175441
1384223434,Anderson,Tillman,tillman.anderson.1384223434@codehaus.se,p2d1234,1384223434
1384582447,Satterfield,Garnet,garnet.satterfield.1384582447@codehaus.se,p2d1234,1384582447
1391711197,Kshlerin,Destany,destany.kshlerin.1391711197@codehaus.se,p2d1234,1391711197
1393991397,Crooks,Jada,jada.crooks.1393991397@codehaus.se,p2d1234,1393991397
1397617631,Powlowski,Rosemarie,rosemarie.powlowski.1397617631@codehaus.se,p2d1234,1397617631
1408826294,McDermott,Juliet,juliet.mcdermott.1408826294@codehaus.se,p2d1234,1408826294
1423235626,Lowe,Angie,angie.lowe.1423235626@codehaus.se,p2d1234,1423235626
1436049402,Wisozk,Theodore,theodore.wisozk.1436049402@codehaus.se,p2d1234,1436049402
1436337816,Dickens,Ericka,ericka.dickens.1436337816@codehaus.se,p2d1234,1436337816
1442210380,Rodriguez,Sunny,sunny.rodriguez.1442210380@codehaus.se,p2d1234,1442210380
1444199090,Klein,Orrin,orrin.klein.1444199090@codehaus.se,p2d1234,1444199090
1455297836,Pagac,Nichole,nichole.pagac.1455297836@codehaus.se,p2d1234,1455297836
1463306325,Kerluke,Esta,esta.kerluke.1463306325@codehaus.se,p2d1234,1463306325
1464207245,Dicki,Harmon,harmon.dicki.1464207245@codehaus.se,p2d1234,1464207245
1497808676,Thiel,Dillan,dillan.thiel.1497808676@codehaus.se,p2d1234,1497808676
1515538967,Quitzon,Lily,lily.quitzon.1515538967@codehaus.se,p2d1234,1515538967
1525240715,Quitzon,Hunter,hunter.quitzon.1525240715@codehaus.se,p2d1234,1525240715
1527136080,Armstrong,Raheem,raheem.armstrong.1527136080@codehaus.se,p2d1234,1527136080
1548384827,Block,Leanne,leanne.block.1548384827@codehaus.se,p2d1234,1548384827
1568313914,Walsh,Freeda,freeda.walsh.1568313914@codehaus.se,p2d1234,1568313914
1576698954,Anderson,Elliot,elliot.anderson.1576698954@codehaus.se,p2d1234,1576698954
1583086944,Zieme,Freddie,freddie.zieme.1583086944@codehaus.se,p2d1234,1583086944
1596237992,King,Nicola,nicola.king.1596237992@codehaus.se,p2d1234,1596237992
1597355053,Connelly,Catalina,catalina.connelly.1597355053@codehaus.se,p2d1234,1597355053
1598329319,Ratke,Jalen,jalen.ratke.1598329319@codehaus.se,p2d1234,1598329319
1610131407,Bergnaum,Garnett,garnett.bergnaum.1610131407@codehaus.se,p2d1234,1610131407
1616571925,Bogisich,Holden,holden.bogisich.1616571925@codehaus.se,p2d1234,1616571925
1628267450,Quitzon,Morris,morris.quitzon.1628267450@codehaus.se,p2d1234,1628267450
1639404730,Lebsack,Seamus,seamus.lebsack.1639404730@codehaus.se,p2d1234,1639404730
1652692244,Schamberger,Meaghan,meaghan.schamberger.1652692244@codehaus.se,p2d1234,1652692244
1657290825,Wunsch,Jackson,jackson.wunsch.1657290825@codehaus.se,p2d1234,1657290825
1663312068,Gutmann,Graciela,graciela.gutmann.1663312068@codehaus.se,p2d1234,1663312068
1670682629,Casper,Name,name.casper.1670682629@codehaus.se,p2d1234,1670682629
1670990711,Larson,Jenifer,jenifer.larson.1670990711@codehaus.se,p2d1234,1670990711
1671822968,Runte,Junior,junior.runte.1671822968@codehaus.se,p2d1234,1671822968
1692472309,Sipes,Bertrand,bertrand.sipes.1692472309@codehaus.se,p2d1234,1692472309
1696384460,Howell,Yadira,yadira.howell.1696384460@codehaus.se,p2d1234,1696384460
1700147869,Nolan,Kim,kim.nolan.1700147869@codehaus.se,p2d1234,1700147869
1719550599,Bashirian,Chelsie,chelsie.bashirian.1719550599@codehaus.se,p2d1234,1719550599
1720707318,Runolfsdottir,Tyshawn,tyshawn.runolfsdottir.1720707318@codehaus.se,p2d1234,1720707318
1722093146,Brown,Cleo,cleo.brown.1722093146@codehaus.se,p2d1234,1722093146
1732096916,Mante,Katlynn,katlynn.mante.1732096916@codehaus.se,p2d1234,1732096916
1747001590,Emard,Maiya,maiya.emard.1747001590@codehaus.se,p2d1234,1747001590
1751745555,Schumm,Vivian,vivian.schumm.1751745555@codehaus.se,p2d1234,1751745555
1760202880,Hyatt,Brent,brent.hyatt.1760202880@codehaus.se,p2d1234,1760202880
1760899513,Nitzsche,Armando,armando.nitzsche.1760899513@codehaus.se,p2d1234,1760899513
1763982762,Hansen,Lilliana,lilliana.hansen.1763982762@codehaus.se,p2d1234,1763982762
1780449078,Gerhold,Junius,junius.gerhold.1780449078@codehaus.se,p2d1234,1780449078
1780983449,Fahey,Emery,emery.fahey.1780983449@codehaus.se,p2d1234,1780983449
1815562212,Mertz,Tyreek,tyreek.mertz.1815562212@codehaus.se,p2d1234,1815562212
1816433768,Kessler,Gabrielle,gabrielle.kessler.1816433768@codehaus.se,p2d1234,1816433768
1822291660,Schowalter,Princess,princess.schowalter.1822291660@codehaus.se,p2d1234,1822291660
1850784382,Cremin,Edmond,edmond.cremin.1850784382@codehaus.se,p2d1234,1850784382
1852406167,Jakubowski,Jose,jose.jakubowski.1852406167@codehaus.se,p2d1234,1852406167
1877996287,Cassin,Molly,molly.cassin.1877996287@codehaus.se,p2d1234,1877996287
1883234935,Mayert,Ophelia,ophelia.mayert.1883234935@codehaus.se,p2d1234,1883234935
1883991131,Gislason,Leonor,leonor.gislason.1883991131@codehaus.se,p2d1234,1883991131
1887575236,Kuhn,Dina,dina.kuhn.1887575236@codehaus.se,p2d1234,1887575236
1887959677,Ankunding,Cody,cody.ankunding.1887959677@codehaus.se,p2d1234,1887959677
1902498400,Ward,Zachariah,zachariah.ward.1902498400@codehaus.se,p2d1234,1902498400
1910796783,Bernier,Tracey,tracey.bernier.1910796783@codehaus.se,p2d1234,1910796783
1937584235,Watsica,Ayden,ayden.watsica.1937584235@codehaus.se,p2d1234,1937584235
1953156956,Cartwright,Clementine,clementine.cartwright.1953156956@codehaus.se,p2d1234,1953156956
1964745520,Romaguera,Alaina,alaina.romaguera.1964745520@codehaus.se,p2d1234,1964745520
1969223497,Cassin,Genesis,genesis.cassin.1969223497@codehaus.se,p2d1234,1969223497
1977833662,Keeling,Kianna,kianna.keeling.1977833662@codehaus.se,p2d1234,1977833662
1983384032,Renner,Wava,wava.renner.1983384032@codehaus.se,p2d1234,1983384032
1985142824,Hauck,Danial,danial.hauck.1985142824@codehaus.se,p2d1234,1985142824
1987116691,Stamm,Chadrick,chadrick.stamm.1987116691@codehaus.se,p2d1234,1987116691
1989559732,Gleichner,Amani,amani.gleichner.1989559732@codehaus.se,p2d1234,1989559732
1992363893,Cronin,Harvey,harvey.cronin.1992363893@codehaus.se,p2d1234,1992363893
1992746540,Corkery,Alexanne,alexanne.corkery.1992746540@codehaus.se,p2d1234,1992746540
1995469661,Hammes,Emmanuelle,emmanuelle.hammes.1995469661@codehaus.se,p2d1234,1995469661
1999834923,Walker,Melba,melba.walker.1999834923@codehaus.se,p2d1234,1999834923
2001509563,Ullrich,Jewell,jewell.ullrich.2001509563@codehaus.se,p2d1234,2001509563
2002587660,Klocko,Petra,petra.klocko.2002587660@codehaus.se,p2d1234,2002587660
2005479555,Graham,William,william.graham.2005479555@codehaus.se,p2d1234,2005479555
2017067441,Lebsack,Boris,boris.lebsack.2017067441@codehaus.se,p2d1234,2017067441
2023328776,Bradtke,Bobby,bobby.bradtke.2023328776@codehaus.se,p2d1234,2023328776
2035700932,Konopelski,Savannah,savannah.konopelski.2035700932@codehaus.se,p2d1234,2035700932
2068791014,Turner,Floyd,floyd.turner.2068791014@codehaus.se,p2d1234,2068791014
2110421928,Torphy,Alek,alek.torphy.2110421928@codehaus.se,p2d1234,2110421928
2111632200,Kshlerin,Hazel,hazel.kshlerin.2111632200@codehaus.se,p2d1234,2111632200
2131941270,Hansen,Johan,johan.hansen.2131941270@codehaus.se,p2d1234,2131941270
2132335196,Crona,Clara,clara.crona.2132335196@codehaus.se,p2d1234,2132335196
2146991591,Lynch,Delfina,delfina.lynch.2146991591@codehaus.se,p2d1234,2146991591
2162551231,Wintheiser,Abbey,abbey.wintheiser.2162551231@codehaus.se,p2d1234,2162551231
2169403740,Littel,Leanna,leanna.littel.2169403740@codehaus.se,p2d1234,2169403740
2170884505,Koss,Phyllis,phyllis.koss.2170884505@codehaus.se,p2d1234,2170884505
2175497915,Streich,Joesph,joesph.streich.2175497915@codehaus.se,p2d1234,2175497915
2208772743,Bayer,Marcia,marcia.bayer.2208772743@codehaus.se,p2d1234,2208772743
2209972575,Waelchi,Geraldine,geraldine.waelchi.2209972575@codehaus.se,p2d1234,2209972575
2210743511,Stoltenberg,Daniella,daniella.stoltenberg.2210743511@codehaus.se,p2d1234,2210743511
2223527292,Dicki,Nora,nora.dicki.2223527292@codehaus.se,p2d1234,2223527292
2224679372,O'Keefe,Cecil,cecil.o'keefe.2224679372@codehaus.se,p2d1234,2224679372
2226668032,Mann,Kyla,kyla.mann.2226668032@codehaus.se,p2d1234,2226668032
2228781724,Schroeder,Justina,justina.schroeder.2228781724@codehaus.se,p2d1234,2228781724
2237200941,Keeling,Sheila,sheila.keeling.2237200941@codehaus.se,p2d1234,2237200941
2239487014,Kihn,Watson,watson.kihn.2239487014@codehaus.se,p2d1234,2239487014
2247642011,Metz,Emmett,emmett.metz.2247642011@codehaus.se,p2d1234,2247642011
2251772404,Altenwerth,Hazle,hazle.altenwerth.2251772404@codehaus.se,p2d1234,2251772404
2253030325,Olson,Marianna,marianna.olson.2253030325@codehaus.se,p2d1234,2253030325
2253859928,Jenkins,Alvis,alvis.jenkins.2253859928@codehaus.se,p2d1234,2253859928
2254182350,Osinski,Miller,miller.osinski.2254182350@codehaus.se,p2d1234,2254182350
2266993794,Breitenberg,Ferne,ferne.breitenberg.2266993794@codehaus.se,p2d1234,2266993794
2276620453,Feil,Jacinto,jacinto.feil.2276620453@codehaus.se,p2d1234,2276620453
2293664978,Cole,Lucinda,lucinda.cole.2293664978@codehaus.se,p2d1234,2293664978
2305573293,Ledner,Rocio,rocio.ledner.2305573293@codehaus.se,p2d1234,2305573293
2308246544,Barrows,Lee,lee.barrows.2308246544@codehaus.se,p2d1234,2308246544
2316992437,Gusikowski,Hillard,hillard.gusikowski.2316992437@codehaus.se,p2d1234,2316992437
2319459492,Buckridge,Lou,lou.buckridge.2319459492@codehaus.se,p2d1234,2319459492
2334382259,Volkman,Joshua,joshua.volkman.2334382259@codehaus.se,p2d1234,2334382259
2340150943,Windler,Adriana,adriana.windler.2340150943@codehaus.se,p2d1234,2340150943
2348455306,Hahn,Syble,syble.hahn.2348455306@codehaus.se,p2d1234,2348455306
2360687374,Bailey,Roscoe,roscoe.bailey.2360687374@codehaus.se,p2d1234,2360687374
2363463886,Hettinger,Sim,sim.hettinger.2363463886@codehaus.se,p2d1234,2363463886
2365867731,Walter,Retha,retha.walter.2365867731@codehaus.se,p2d1234,2365867731
2377022245,Yost,Camylle,camylle.yost.2377022245@codehaus.se,p2d1234,2377022245
2389881364,Hessel,Frida,frida.hessel.2389881364@codehaus.se,p2d1234,2389881364
2397024202,McClure,Danny,danny.mcclure.2397024202@codehaus.se,p2d1234,2397024202
2419260209,Kirlin,Ola,ola.kirlin.2419260209@codehaus.se,p2d1234,2419260209
2439387215,Nader,Zella,zella.nader.2439387215@codehaus.se,p2d1234,2439387215
2441191017,Heaney,Cortez,cortez.heaney.2441191017@codehaus.se,p2d1234,2441191017
2442583271,Christiansen,Kenyatta,kenyatta.christiansen.2442583271@codehaus.se,p2d1234,2442583271
2451935642,Douglas,Brant,brant.douglas.2451935642@codehaus.se,p2d1234,2451935642
2454965163,West,Kailee,kailee.west.2454965163@codehaus.se,p2d1234,2454965163
2458689678,Casper,Tyrique,tyrique.casper.2458689678@codehaus.se,p2d1234,2458689678
2461682832,Lind,Retta,retta.lind.2461682832@codehaus.se,p2d1234,2461682832
2463362019,DuBuque,Clair,clair.dubuque.2463362019@codehaus.se,p2d1234,2463362019
2466689051,Ondricka,Solon,solon.ondricka.2466689051@codehaus.se,p2d1234,2466689051
2488138223,Bosco,Christiana,christiana.bosco.2488138223@codehaus.se,p2d1234,2488138223
2516491925,Hills,Buddy,buddy.hills.2516491925@codehaus.se,p2d1234,2516491925
2519924383,Smith,William,william.smith.2519924383@codehaus.se,p2d1234,2519924383
2536340905,Schimmel,Remington,remington.schimmel.2536340905@codehaus.se,p2d1234,2536340905
2552127108,Kreiger,Nathen,nathen.kreiger.2552127108@codehaus.se,p2d1234,2552127108
2553360233,Swaniawski,Aimee,aimee.swaniawski.2553360233@codehaus.se,p2d1234,2553360233
2556972949,Goodwin,Hilda,hilda.goodwin.2556972949@codehaus.se,p2d1234,2556972949
2568838281,Hills,Marguerite,marguerite.hills.2568838281@codehaus.se,p2d1234,2568838281
2574383647,Tromp,Hailey,hailey.tromp.2574383647@codehaus.se,p2d1234,2574383647
2584959977,Conn,Mertie,mertie.conn.2584959977@codehaus.se,p2d1234,2584959977
2610714325,Johnson,Ronny,ronny.johnson.2610714325@codehaus.se,p2d1234,2610714325
2616433357,Stroman,Bert,bert.stroman.2616433357@codehaus.se,p2d1234,2616433357
2619933545,Collins,Danika,danika.collins.2619933545@codehaus.se,p2d1234,2619933545
2623884249,Berge,Alysson,alysson.berge.2623884249@codehaus.se,p2d1234,2623884249
2635214572,Hessel,Angelina,angelina.hessel.2635214572@codehaus.se,p2d1234,2635214572
2638854371,Jenkins,Arnoldo,arnoldo.jenkins.2638854371@codehaus.se,p2d1234,2638854371
2643386297,Buckridge,Hailie,hailie.buckridge.2643386297@codehaus.se,p2d1234,2643386297
2644729832,Nitzsche,Burnice,burnice.nitzsche.2644729832@codehaus.se,p2d1234,2644729832
2659257914,Walter,Garland,garland.walter.2659257914@codehaus.se,p2d1234,2659257914
2667669367,Bashirian,Laila,laila.bashirian.2667669367@codehaus.se,p2d1234,2667669367
2672155995,Lind,Arnoldo,arnoldo.lind.2672155995@codehaus.se,p2d1234,2672155995
2679130551,Thiel,Erwin,erwin.thiel.2679130551@codehaus.se,p2d1234,2679130551
2683889261,Kihn,Ubaldo,ubaldo.kihn.2683889261@codehaus.se,p2d1234,2683889261
2688752971,Fritsch,Kamren,kamren.fritsch.2688752971@codehaus.se,p2d1234,2688752971
2737254721,Larkin,Kamille,kamille.larkin.2737254721@codehaus.se,p2d1234,2737254721
2740994797,Haag,Kacie,kacie.haag.2740994797@codehaus.se,p2d1234,2740994797
2758659037,Erdman,Mitchell,mitchell.erdman.2758659037@codehaus.se,p2d1234,2758659037
2759479572,Jacobs,Dolores,dolores.jacobs.2759479572@codehaus.se,p2d1234,2759479572
2762664534,Shanahan,Francesca,francesca.shanahan.2762664534@codehaus.se,p2d1234,2762664534
2763858045,Mohr,Idella,idella.mohr.2763858045@codehaus.se,p2d1234,2763858045
2770196499,Wilkinson,Rose,rose.wilkinson.2770196499@codehaus.se,p2d1234,2770196499
2772376860,Ullrich,Maximilian,maximilian.ullrich.2772376860@codehaus.se,p2d1234,2772376860
2772431843,Kovacek,Taryn,taryn.kovacek.2772431843@codehaus.se,p2d1234,2772431843
2773731459,Wuckert,Kylie,kylie.wuckert.2773731459@codehaus.se,p2d1234,2773731459
2774450445,Abernathy,Fletcher,fletcher.abernathy.2774450445@codehaus.se,p2d1234,2774450445
2774594496,Hilpert,Titus,titus.hilpert.2774594496@codehaus.se,p2d1234,2774594496
2774771528,Greenholt,Paxton,paxton.greenholt.2774771528@codehaus.se,p2d1234,2774771528
2777631081,Schaden,Malvina,malvina.schaden.2777631081@codehaus.se,p2d1234,2777631081
2778954698,Schmitt,Beatrice,beatrice.schmitt.2778954698@codehaus.se,p2d1234,2778954698
2795630298,Flatley,Hannah,hannah.flatley.2795630298@codehaus.se,p2d1234,2795630298
2805582145,Swaniawski,Daija,daija.swaniawski.2805582145@codehaus.se,p2d1234,2805582145
2813149118,Sporer,Sabina,sabina.sporer.2813149118@codehaus.se,p2d1234,2813149118
2813771494,Schuppe,Rossie,rossie.schuppe.2813771494@codehaus.se,p2d1234,2813771494
2817938484,McGlynn,Jazmyne,jazmyne.mcglynn.2817938484@codehaus.se,p2d1234,2817938484
2821342635,Davis,Bertram,bertram.davis.2821342635@codehaus.se,p2d1234,2821342635
2832045233,Dach,Lavonne,lavonne.dach.2832045233@codehaus.se,p2d1234,2832045233
2852842213,Toy,Tobin,tobin.toy.2852842213@codehaus.se,p2d1234,2852842213
2855341256,Olson,Neal,neal.olson.2855341256@codehaus.se,p2d1234,2855341256
2855533608,Rice,Cary,cary.rice.2855533608@codehaus.se,p2d1234,2855533608
2862954259,Mertz,Jeanne,jeanne.mertz.2862954259@codehaus.se,p2d1234,2862954259
2865140556,Morar,Jayden,jayden.morar.2865140556@codehaus.se,p2d1234,2865140556
2873816710,Bogan,Emilia,emilia.bogan.2873816710@codehaus.se,p2d1234,2873816710
2880583096,Bergnaum,Ada,ada.bergnaum.2880583096@codehaus.se,p2d1234,2880583096
2889070073,Farrell,Rudy,rudy.farrell.2889070073@codehaus.se,p2d1234,2889070073
2890312793,Kozey,Jensen,jensen.kozey.2890312793@codehaus.se,p2d1234,2890312793
2906563377,Lowe,Rey,rey.lowe.2906563377@codehaus.se,p2d1234,2906563377
2912894308,Halvorson,Jonathan,jonathan.halvorson.2912894308@codehaus.se,p2d1234,2912894308
2916994169,Kuphal,Sanford,sanford.kuphal.2916994169@codehaus.se,p2d1234,2916994169
2922686718,Price,Justyn,justyn.price.2922686718@codehaus.se,p2d1234,2922686718
2933432934,Funk,Kayden,kayden.funk.2933432934@codehaus.se,p2d1234,2933432934
2935075296,Runte,Breanne,breanne.runte.2935075296@codehaus.se,p2d1234,2935075296
2939655341,Ortiz,Lauren,lauren.ortiz.2939655341@codehaus.se,p2d1234,2939655341
2940992084,Cruickshank,Arlie,arlie.cruickshank.2940992084@codehaus.se,p2d1234,2940992084
2952310399,Gottlieb,Augusta,augusta.gottlieb.2952310399@codehaus.se,p2d1234,2952310399
2956937824,Homenick,Janae,janae.homenick.2956937824@codehaus.se,p2d1234,2956937824
2967476277,Sipes,Nicolette,nicolette.sipes.2967476277@codehaus.se,p2d1234,2967476277
2975349479,Moen,Dayana,dayana.moen.2975349479@codehaus.se,p2d1234,2975349479
3008806968,Pagac,Roberta,roberta.pagac.3008806968@codehaus.se,p2d1234,3008806968
3010789566,Feil,Jed,jed.feil.3010789566@codehaus.se,p2d1234,3010789566
3012295980,Predovic,Miracle,miracle.predovic.3012295980@codehaus.se,p2d1234,3012295980
3017866973,Schumm,Nadia,nadia.schumm.3017866973@codehaus.se,p2d1234,3017866973
3024572846,D'Amore,Marjorie,marjorie.d'amore.3024572846@codehaus.se,p2d1234,3024572846
3030558979,Frami,Myrl,myrl.frami.3030558979@codehaus.se,p2d1234,3030558979
3050739070,Harris,Trudie,trudie.harris.3050739070@codehaus.se,p2d1234,3050739070
3054197994,Fahey,Jeanne,jeanne.fahey.3054197994@codehaus.se,p2d1234,3054197994
3063074606,Farrell,Cierra,cierra.farrell.3063074606@codehaus.se,p2d1234,3063074606
3064341816,O'Hara,Vince,vince.o'hara.3064341816@codehaus.se,p2d1234,3064341816
3066404245,Beer,Alfred,alfred.beer.3066404245@codehaus.se,p2d1234,3066404245
3089932290,McClure,Aaliyah,aaliyah.mcclure.3089932290@codehaus.se,p2d1234,3089932290
3102395293,Hahn,Tavares,tavares.hahn.3102395293@codehaus.se,p2d1234,3102395293
3116113048,Schulist,Eryn,eryn.schulist.3116113048@codehaus.se,p2d1234,3116113048
3122930569,Haley,Astrid,astrid.haley.3122930569@codehaus.se,p2d1234,3122930569
3129791924,Reichel,Hillary,hillary.reichel.3129791924@codehaus.se,p2d1234,3129791924
3145991140,Wilderman,Skye,skye.wilderman.3145991140@codehaus.se,p2d1234,3145991140
3146280844,Leuschke,Doug,doug.leuschke.3146280844@codehaus.se,p2d1234,3146280844
3154151310,Hansen,Saul,saul.hansen.3154151310@codehaus.se,p2d1234,3154151310
3158914888,Bahringer,Lydia,lydia.bahringer.3158914888@codehaus.se,p2d1234,3158914888
3174503090,Gerhold,Dewayne,dewayne.gerhold.3174503090@codehaus.se,p2d1234,3174503090
3177137387,Bauch,Allan,allan.bauch.3177137387@codehaus.se,p2d1234,3177137387
3195523185,Hegmann,Mateo,mateo.hegmann.3195523185@codehaus.se,p2d1234,3195523185
3214347970,Weber,Jeffery,jeffery.weber.3214347970@codehaus.se,p2d1234,3214347970
3238330363,Hamill,Emely,emely.hamill.3238330363@codehaus.se,p2d1234,3238330363
3240828051,Williamson,Donavon,donavon.williamson.3240828051@codehaus.se,p2d1234,3240828051
3241041033,Gutkowski,Allan,allan.gutkowski.3241041033@codehaus.se,p2d1234,3241041033
3245110457,Mueller,Pauline,pauline.mueller.3245110457@codehaus.se,p2d1234,3245110457
3259757343,Brekke,Noemie,noemie.brekke.3259757343@codehaus.se,p2d1234,3259757343
3273085943,Abbott,Terry,terry.abbott.3273085943@codehaus.se,p2d1234,3273085943
3277130085,Bosco,Lamont,lamont.bosco.3277130085@codehaus.se,p2d1234,3277130085
3296335093,Hills,Annetta,annetta.hills.3296335093@codehaus.se,p2d1234,3296335093
3315008077,Klein,Evie,evie.klein.3315008077@codehaus.se,p2d1234,3315008077
3351075094,Hauck,Jordan,jordan.hauck.3351075094@codehaus.se,p2d1234,3351075094
3372530444,McDermott,Georgiana,georgiana.mcdermott.3372530444@codehaus.se,p2d1234,3372530444
3398284915,Shanahan,Ali,ali.shanahan.3398284915@codehaus.se,p2d1234,3398284915
3408110481,Terry,Stanton,stanton.terry.3408110481@codehaus.se,p2d1234,3408110481
3413324746,Blanda,Clay,clay.blanda.3413324746@codehaus.se,p2d1234,3413324746
3417505008,Heller,Asia,asia.heller.3417505008@codehaus.se,p2d1234,3417505008
3423335471,Kertzmann,Tremaine,tremaine.kertzmann.3423335471@codehaus.se,p2d1234,3423335471
3444623887,Vandervort,Kavon,kavon.vandervort.3444623887@codehaus.se,p2d1234,3444623887
3445645018,Koss,Leon,leon.koss.3445645018@codehaus.se,p2d1234,3445645018
3451484948,Donnelly,Rashad,rashad.donnelly.3451484948@codehaus.se,p2d1234,3451484948
3474736849,Graham,Haleigh,haleigh.graham.3474736849@codehaus.se,p2d1234,3474736849
3478822156,Tillman,Maude,maude.tillman.3478822156@codehaus.se,p2d1234,3478822156
3484413652,Rowe,Stan,stan.rowe.3484413652@codehaus.se,p2d1234,3484413652
3492328503,Hodkiewicz,Justine,justine.hodkiewicz.3492328503@codehaus.se,p2d1234,3492328503
3511059588,Smith,Willa,willa.smith.3511059588@codehaus.se,p2d1234,3511059588
3511640060,Swift,Destiney,destiney.swift.3511640060@codehaus.se,p2d1234,3511640060
3525320085,Huel,Arvid,arvid.huel.3525320085@codehaus.se,p2d1234,3525320085
3549136347,Wilderman,Adam,adam.wilderman.3549136347@codehaus.se,p2d1234,3549136347
3550981402,Bogisich,Camila,camila.bogisich.3550981402@codehaus.se,p2d1234,3550981402
3551640819,Klocko,Daniela,daniela.klocko.3551640819@codehaus.se,p2d1234,3551640819
3557431845,Hettinger,Austen,austen.hettinger.3557431845@codehaus.se,p2d1234,3557431845
3557775071,Zieme,Gino,gino.zieme.3557775071@codehaus.se,p2d1234,3557775071
3584888979,Boyer,Chad,chad.boyer.3584888979@codehaus.se,p2d1234,3584888979
3587162881,Schmitt,Rossie,rossie.schmitt.3587162881@codehaus.se,p2d1234,3587162881
3602413435,Shanahan,Diego,diego.shanahan.3602413435@codehaus.se,p2d1234,3602413435
3615159116,Terry,Bailey,bailey.terry.3615159116@codehaus.se,p2d1234,3615159116
3624112419,O'Keefe,Eino,eino.o'keefe.3624112419@codehaus.se,p2d1234,3624112419
3635315368,Ferry,Emanuel,emanuel.ferry.3635315368@codehaus.se,p2d1234,3635315368
3640405936,Smitham,Sierra,sierra.smitham.3640405936@codehaus.se,p2d1234,3640405936
3642794381,Berge,Shayne,shayne.berge.3642794381@codehaus.se,p2d1234,3642794381
3654564385,Haag,Pat,pat.haag.3654564385@codehaus.se,p2d1234,3654564385
3658783403,Hermiston,Eladio,eladio.hermiston.3658783403@codehaus.se,p2d1234,3658783403
3665590795,Nienow,Golden,golden.nienow.3665590795@codehaus.se,p2d1234,3665590795
3669117481,Dicki,Jayda,jayda.dicki.3669117481@codehaus.se,p2d1234,3669117481
3679971214,Dach,Adalberto,adalberto.dach.3679971214@codehaus.se,p2d1234,3679971214
3726110993,Harvey,Josefina,josefina.harvey.3726110993@codehaus.se,p2d1234,3726110993
3747348288,O'Conner,Lelia,lelia.o'conner.3747348288@codehaus.se,p2d1234,3747348288
3762858276,Macejkovic,Tabitha,tabitha.macejkovic.3762858276@codehaus.se,p2d1234,3762858276
3775794245,Macejkovic,Jefferey,jefferey.macejkovic.3775794245@codehaus.se,p2d1234,3775794245
3777571603,Beier,Caleb,caleb.beier.3777571603@codehaus.se,p2d1234,3777571603
3786709931,D'Amore,Mohammed,mohammed.d'amore.3786709931@codehaus.se,p2d1234,3786709931
3793121737,Koelpin,Antonina,antonina.koelpin.3793121737@codehaus.se,p2d1234,3793121737
3800203767,Schultz,Terrence,terrence.schultz.3800203767@codehaus.se,p2d1234,3800203767
3809914865,Pagac,Violette,violette.pagac.3809914865@codehaus.se,p2d1234,3809914865
3814996934,Rutherford,Shanny,shanny.rutherford.3814996934@codehaus.se,p2d1234,3814996934
3816472449,Pagac,Emil,emil.pagac.3816472449@codehaus.se,p2d1234,3816472449
3818006514,Jakubowski,Aiyana,aiyana.jakubowski.3818006514@codehaus.se,p2d1234,3818006514
3823181485,Kuhn,Retha,retha.kuhn.3823181485@codehaus.se,p2d1234,3823181485
3825233580,Jenkins,Eldred,eldred.jenkins.3825233580@codehaus.se,p2d1234,3825233580
3826805383,Schmeler,Ardella,ardella.schmeler.3826805383@codehaus.se,p2d1234,3826805383
3827568539,Brown,Emmanuelle,emmanuelle.brown.3827568539@codehaus.se,p2d1234,3827568539
3829033938,Medhurst,Green,green.medhurst.3829033938@codehaus.se,p2d1234,3829033938
3834794493,Reinger,Rey,rey.reinger.3834794493@codehaus.se,p2d1234,3834794493
3841067409,Dibbert,Weston,weston.dibbert.3841067409@codehaus.se,p2d1234,3841067409
3880087974,Cruickshank,Rodger,rodger.cruickshank.3880087974@codehaus.se,p2d1234,3880087974
3884914810,Ratke,Easton,easton.ratke.3884914810@codehaus.se,p2d1234,3884914810
3903984053,Gutkowski,Joelle,joelle.gutkowski.3903984053@codehaus.se,p2d1234,3903984053
3912482975,Rippin,Kathlyn,kathlyn.rippin.3912482975@codehaus.se,p2d1234,3912482975
3932109267,Grady,Cordell,cordell.grady.3932109267@codehaus.se,p2d1234,3932109267
3942496344,Veum,Waldo,waldo.veum.3942496344@codehaus.se,p2d1234,3942496344
3948996752,Goodwin,Zachariah,zachariah.goodwin.3948996752@codehaus.se,p2d1234,3948996752
3949777091,Pfeffer,Marilyne,marilyne.pfeffer.3949777091@codehaus.se,p2d1234,3949777091
3959176386,Marks,Roel,roel.marks.3959176386@codehaus.se,p2d1234,3959176386
3967293090,Boehm,Rahul,rahul.boehm.3967293090@codehaus.se,p2d1234,3967293090
3972816293,Littel,Isabell,isabell.littel.3972816293@codehaus.se,p2d1234,3972816293
3975335057,Lind,Lexus,lexus.lind.3975335057@codehaus.se,p2d1234,3975335057
3980873152,Williamson,Adela,adela.williamson.3980873152@codehaus.se,p2d1234,3980873152
3980899840,Doyle,Abigale,abigale.doyle.3980899840@codehaus.se,p2d1234,3980899840
3984398161,Littel,Alivia,alivia.littel.3984398161@codehaus.se,p2d1234,3984398161
3990421198,Schultz,Abbigail,abbigail.schultz.3990421198@codehaus.se,p2d1234,3990421198
3990521623,Fadel,Archibald,archibald.fadel.3990521623@codehaus.se,p2d1234,3990521623
3993443839,Abernathy,Jamarcus,jamarcus.abernathy.3993443839@codehaus.se,p2d1234,3993443839
3996096549,McCullough,Bethel,bethel.mccullough.3996096549@codehaus.se,p2d1234,3996096549
4007152920,Reichert,Jannie,jannie.reichert.4007152920@codehaus.se,p2d1234,4007152920
4019288744,Wiegand,Pearline,pearline.wiegand.4019288744@codehaus.se,p2d1234,4019288744
4027173514,Kulas,Jaquelin,jaquelin.kulas.4027173514@codehaus.se,p2d1234,4027173514
4044131337,Leffler,Tremayne,tremayne.leffler.4044131337@codehaus.se,p2d1234,4044131337
4052442202,Waelchi,Paul,paul.waelchi.4052442202@codehaus.se,p2d1234,4052442202
4058225831,Legros,Kaya,kaya.legros.4058225831@codehaus.se,p2d1234,4058225831
4071025461,Bechtelar,Forest,forest.bechtelar.4071025461@codehaus.se,p2d1234,4071025461
4081265439,Adams,Zelda,zelda.adams.4081265439@codehaus.se,p2d1234,4081265439
4105265035,Jacobs,Norberto,norberto.jacobs.4105265035@codehaus.se,p2d1234,4105265035
4106401277,Wolf,Zakary,zakary.wolf.4106401277@codehaus.se,p2d1234,4106401277
4125634088,Cole,Darron,darron.cole.4125634088@codehaus.se,p2d1234,4125634088
4141207125,Erdman,Jeffry,jeffry.erdman.4141207125@codehaus.se,p2d1234,4141207125
4141807785,Moore,Vallie,vallie.moore.4141807785@codehaus.se,p2d1234,4141807785
4151395947,O'Connell,Erik,erik.o'connell.4151395947@codehaus.se,p2d1234,4151395947
4155429954,Corkery,Michael,michael.corkery.4155429954@codehaus.se,p2d1234,4155429954
4176000938,Kuhn,Levi,levi.kuhn.4176000938@codehaus.se,p2d1234,4176000938
4190104969,Kertzmann,Lesley,lesley.kertzmann.4190104969@codehaus.se,p2d1234,4190104969
4191413392,Harber,Ada,ada.harber.4191413392@codehaus.se,p2d1234,4191413392
4199205784,Mills,Ardith,ardith.mills.4199205784@codehaus.se,p2d1234,4199205784
4238160624,Roberts,Kris,kris.roberts.4238160624@codehaus.se,p2d1234,4238160624
4242523261,Grant,Karen,karen.grant.4242523261@codehaus.se,p2d1234,4242523261
4245678877,Lueilwitz,Neal,neal.lueilwitz.4245678877@codehaus.se,p2d1234,4245678877
4284875210,Rippin,Alysa,alysa.rippin.4284875210@codehaus.se,p2d1234,4284875210
4290167639,Lowe,Conner,conner.lowe.4290167639@codehaus.se,p2d1234,4290167639
4299259141,Emmerich,Barrett,barrett.emmerich.4299259141@codehaus.se,p2d1234,4299259141
4301603698,Pfeffer,Name,name.pfeffer.4301603698@codehaus.se,p2d1234,4301603698
4312177803,Lemke,Antonette,antonette.lemke.4312177803@codehaus.se,p2d1234,4312177803
4314597156,Ondricka,Tracey,tracey.ondricka.4314597156@codehaus.se,p2d1234,4314597156
4318320956,Purdy,Junior,junior.purdy.4318320956@codehaus.se,p2d1234,4318320956
4318813504,Predovic,Dorthy,dorthy.predovic.4318813504@codehaus.se,p2d1234,4318813504
4326323659,Rowe,Florian,florian.rowe.4326323659@codehaus.se,p2d1234,4326323659
4340239817,Reinger,Antoinette,antoinette.reinger.4340239817@codehaus.se,p2d1234,4340239817
4351558756,Mitchell,Mina,mina.mitchell.4351558756@codehaus.se,p2d1234,4351558756
4354279250,Swift,Twila,twila.swift.4354279250@codehaus.se,p2d1234,4354279250
4376797414,Hegmann,Rosemarie,rosemarie.hegmann.4376797414@codehaus.se,p2d1234,4376797414
4380609371,O'Connell,Lue,lue.o'connell.4380609371@codehaus.se,p2d1234,4380609371
4390191112,Schmeler,Chaim,chaim.schmeler.4390191112@codehaus.se,p2d1234,4390191112
4402369376,Wyman,Elfrieda,elfrieda.wyman.4402369376@codehaus.se,p2d1234,4402369376
4407061935,Robel,Jerald,jerald.robel.4407061935@codehaus.se,p2d1234,4407061935
4407695757,Dietrich,Piper,piper.dietrich.4407695757@codehaus.se,p2d1234,4407695757
4416433132,Beahan,Alexandre,alexandre.beahan.4416433132@codehaus.se,p2d1234,4416433132
4419895856,Crist,Myah,myah.crist.4419895856@codehaus.se,p2d1234,4419895856
4426157411,Kuhlman,Marisol,marisol.kuhlman.4426157411@codehaus.se,p2d1234,4426157411
4428464426,Herman,Anya,anya.herman.4428464426@codehaus.se,p2d1234,4428464426
4484458524,Fahey,Samir,samir.fahey.4484458524@codehaus.se,p2d1234,4484458524
4504004371,Rutherford,Ross,ross.rutherford.4504004371@codehaus.se,p2d1234,4504004371
4517639604,Stroman,Elva,elva.stroman.4517639604@codehaus.se,p2d1234,4517639604
4526549584,Kiehn,Georgianna,georgianna.kiehn.4526549584@codehaus.se,p2d1234,4526549584
4536392376,Wiegand,Rhiannon,rhiannon.wiegand.4536392376@codehaus.se,p2d1234,4536392376
4537687424,Greenfelder,Jessica,jessica.greenfelder.4537687424@codehaus.se,p2d1234,4537687424
4539770599,Schaefer,Torrance,torrance.schaefer.4539770599@codehaus.se,p2d1234,4539770599
4547544970,Barrows,Kamron,kamron.barrows.4547544970@codehaus.se,p2d1234,4547544970
4556290045,Koepp,Vladimir,vladimir.koepp.4556290045@codehaus.se,p2d1234,4556290045
4560816428,Thompson,Jarred,jarred.thompson.4560816428@codehaus.se,p2d1234,4560816428
4577489550,Goldner,Derek,derek.goldner.4577489550@codehaus.se,p2d1234,4577489550
4578524244,Vandervort,Noemy,noemy.vandervort.4578524244@codehaus.se,p2d1234,4578524244
4581435994,Steuber,Wilson,wilson.steuber.4581435994@codehaus.se,p2d1234,4581435994
4583303093,Hoppe,Myrtice,myrtice.hoppe.4583303093@codehaus.se,p2d1234,4583303093
4598085218,Howe,Zane,zane.howe.4598085218@codehaus.se,p2d1234,4598085218
4614384872,Ferry,Amy,amy.ferry.4614384872@codehaus.se,p2d1234,4614384872
4628011148,Renner,Chad,chad.renner.4628011148@codehaus.se,p2d1234,4628011148
4628600977,Roberts,Joan,joan.roberts.4628600977@codehaus.se,p2d1234,4628600977
4638393438,Stracke,Loren,loren.stracke.4638393438@codehaus.se,p2d1234,4638393438
4645382546,Dietrich,Heaven,heaven.dietrich.4645382546@codehaus.se,p2d1234,4645382546
4645484959,Rogahn,Mervin,mervin.rogahn.4645484959@codehaus.se,p2d1234,4645484959
4654792802,Kerluke,Martina,martina.kerluke.4654792802@codehaus.se,p2d1234,4654792802
4667974913,Fritsch,Richie,richie.fritsch.4667974913@codehaus.se,p2d1234,4667974913
4674920795,O'Conner,Taylor,taylor.o'conner.4674920795@codehaus.se,p2d1234,4674920795
4682868960,Tillman,Justine,justine.tillman.4682868960@codehaus.se,p2d1234,4682868960
4683135366,Hegmann,Scarlett,scarlett.hegmann.4683135366@codehaus.se,p2d1234,4683135366
4691390816,Turcotte,Lera,lera.turcotte.4691390816@codehaus.se,p2d1234,4691390816
4699709388,Mills,Catherine,catherine.mills.4699709388@codehaus.se,p2d1234,4699709388
4716341551,Schmeler,Alyce,alyce.schmeler.4716341551@codehaus.se,p2d1234,4716341551
4719464457,Heathcote,Irwin,irwin.heathcote.4719464457@codehaus.se,p2d1234,4719464457
4720404120,Herzog,Ashly,ashly.herzog.4720404120@codehaus.se,p2d1234,4720404120
4728814447,Bergnaum,Jack,jack.bergnaum.4728814447@codehaus.se,p2d1234,4728814447
4736630324,Jacobi,Abdul,abdul.jacobi.4736630324@codehaus.se,p2d1234,4736630324
4755438479,Bartoletti,Taya,taya.bartoletti.4755438479@codehaus.se,p2d1234,4755438479
4768817869,Gaylord,Fannie,fannie.gaylord.4768817869@codehaus.se,p2d1234,4768817869
4779575337,Hackett,Adrienne,adrienne.hackett.4779575337@codehaus.se,p2d1234,4779575337
4785017272,Hartmann,Isaias,isaias.hartmann.4785017272@codehaus.se,p2d1234,4785017272
4790432394,Schoen,Angus,angus.schoen.4790432394@codehaus.se,p2d1234,4790432394
4804043164,Howe,Kobe,kobe.howe.4804043164@codehaus.se,p2d1234,4804043164
4823116539,Kunze,Maymie,maymie.kunze.4823116539@codehaus.se,p2d1234,4823116539
4826112829,Carroll,Aryanna,aryanna.carroll.4826112829@codehaus.se,p2d1234,4826112829
4828992739,Stracke,Jeromy,jeromy.stracke.4828992739@codehaus.se,p2d1234,4828992739
4839770565,Waelchi,Flavie,flavie.waelchi.4839770565@codehaus.se,p2d1234,4839770565
4847392173,Marks,Anais,anais.marks.4847392173@codehaus.se,p2d1234,4847392173
4857145535,Kutch,Darryl,darryl.kutch.4857145535@codehaus.se,p2d1234,4857145535
4877094251,Mayert,Jarrell,jarrell.mayert.4877094251@codehaus.se,p2d1234,4877094251
4882003963,Kub,Retha,retha.kub.4882003963@codehaus.se,p2d1234,4882003963
4882016475,Graham,Tavares,tavares.graham.4882016475@codehaus.se,p2d1234,4882016475
4889225506,Hilpert,Sophia,sophia.hilpert.4889225506@codehaus.se,p2d1234,4889225506
4914027698,Turcotte,Ransom,ransom.turcotte.4914027698@codehaus.se,p2d1234,4914027698
4917597438,Bayer,Ruben,ruben.bayer.4917597438@codehaus.se,p2d1234,4917597438
4919578881,Gulgowski,Mary,mary.gulgowski.4919578881@codehaus.se,p2d1234,4919578881
4931587826,Mohr,Trystan,trystan.mohr.4931587826@codehaus.se,p2d1234,4931587826
4947884786,Rolfson,Shanny,shanny.rolfson.4947884786@codehaus.se,p2d1234,4947884786
4949143119,Bruen,Brycen,brycen.bruen.4949143119@codehaus.se,p2d1234,4949143119
4949315057,DuBuque,Raymundo,raymundo.dubuque.4949315057@codehaus.se,p2d1234,4949315057
4958745979,Gibson,Linnea,linnea.gibson.4958745979@codehaus.se,p2d1234,4958745979
4960413461,Abshire,Iliana,iliana.abshire.4960413461@codehaus.se,p2d1234,4960413461
4961511465,Renner,Deanna,deanna.renner.4961511465@codehaus.se,p2d1234,4961511465
4970885370,Bode,Zack,zack.bode.4970885370@codehaus.se,p2d1234,4970885370
4973482610,Labadie,Amie,amie.labadie.4973482610@codehaus.se,p2d1234,4973482610
4978979296,Halvorson,Yazmin,yazmin.halvorson.4978979296@codehaus.se,p2d1234,4978979296
4989084727,Brown,Ottis,ottis.brown.4989084727@codehaus.se,p2d1234,4989084727
4994744616,Feeney,Jovany,jovany.feeney.4994744616@codehaus.se,p2d1234,4994744616
4996011877,Beier,Roman,roman.beier.4996011877@codehaus.se,p2d1234,4996011877
4998606348,Howe,Shaniya,shaniya.howe.4998606348@codehaus.se,p2d1234,4998606348
5006537135,Littel,Nickolas,nickolas.littel.5006537135@codehaus.se,p2d1234,5006537135
5013873498,Prohaska,Ashley,ashley.prohaska.5013873498@codehaus.se,p2d1234,5013873498
5025722446,Dare,Jalon,jalon.dare.5025722446@codehaus.se,p2d1234,5025722446
5031368338,Gerhold,Benton,benton.gerhold.5031368338@codehaus.se,p2d1234,5031368338
5042301039,Cummerata,Angelo,angelo.cummerata.5042301039@codehaus.se,p2d1234,5042301039
5044347849,Yundt,Colin,colin.yundt.5044347849@codehaus.se,p2d1234,5044347849
5074535306,Krajcik,Modesta,modesta.krajcik.5074535306@codehaus.se,p2d1234,5074535306
5108968893,Ebert,Kiera,kiera.ebert.5108968893@codehaus.se,p2d1234,5108968893
5111690818,Green,Devyn,devyn.green.5111690818@codehaus.se,p2d1234,5111690818
5127681699,Veum,Russel,russel.veum.5127681699@codehaus.se,p2d1234,5127681699
5138130025,Miller,Murray,murray.miller.5138130025@codehaus.se,p2d1234,5138130025
5142560515,Mertz,Nasir,nasir.mertz.5142560515@codehaus.se,p2d1234,5142560515
5150302463,Johns,Vernice,vernice.johns.5150302463@codehaus.se,p2d1234,5150302463
5169207732,Rodriguez,Maggie,maggie.rodriguez.5169207732@codehaus.se,p2d1234,5169207732
5174828506,Conroy,Elijah,elijah.conroy.5174828506@codehaus.se,p2d1234,5174828506
5176028123,Schuster,Mitchel,mitchel.schuster.5176028123@codehaus.se,p2d1234,5176028123
5178786882,Kuhn,Cloyd,cloyd.kuhn.5178786882@codehaus.se,p2d1234,5178786882
5180096761,Mraz,Trystan,trystan.mraz.5180096761@codehaus.se,p2d1234,5180096761
5184005111,Wolff,Robin,robin.wolff.5184005111@codehaus.se,p2d1234,5184005111
5185460247,Gleichner,Rudy,rudy.gleichner.5185460247@codehaus.se,p2d1234,5185460247
5191892498,Connelly,Bailey,bailey.connelly.5191892498@codehaus.se,p2d1234,5191892498
5192840805,Moore,Brandon,brandon.moore.5192840805@codehaus.se,p2d1234,5192840805
5202416650,Champlin,Megane,megane.champlin.5202416650@codehaus.se,p2d1234,5202416650
5202836583,Durgan,Aliya,aliya.durgan.5202836583@codehaus.se,p2d1234,5202836583
5235518637,Donnelly,Abagail,abagail.donnelly.5235518637@codehaus.se,p2d1234,5235518637
5238200648,Friesen,Van,van.friesen.5238200648@codehaus.se,p2d1234,5238200648
5244021036,Quigley,Winnifred,winnifred.quigley.5244021036@codehaus.se,p2d1234,5244021036
5249369138,Heaney,Katlynn,katlynn.heaney.5249369138@codehaus.se,p2d1234,5249369138
5252393256,Green,Yessenia,yessenia.green.5252393256@codehaus.se,p2d1234,5252393256
5260207836,Kuhlman,Amara,amara.kuhlman.5260207836@codehaus.se,p2d1234,5260207836
5273821610,Schinner,Delpha,delpha.schinner.5273821610@codehaus.se,p2d1234,5273821610
5298882326,Reynolds,Paul,paul.reynolds.5298882326@codehaus.se,p2d1234,5298882326
5309134491,Rutherford,Opal,opal.rutherford.5309134491@codehaus.se,p2d1234,5309134491
5320177431,Kling,Cletus,cletus.kling.5320177431@codehaus.se,p2d1234,5320177431
5329889470,Harber,Chaz,chaz.harber.5329889470@codehaus.se,p2d1234,5329889470
5344739019,Emmerich,Jamie,jamie.emmerich.5344739019@codehaus.se,p2d1234,5344739019
5345938487,Christiansen,Emmy,emmy.christiansen.5345938487@codehaus.se,p2d1234,5345938487
5350669749,Schumm,Solon,solon.schumm.5350669749@codehaus.se,p2d1234,5350669749
5354558992,Schowalter,Luis,luis.schowalter.5354558992@codehaus.se,p2d1234,5354558992
5357177660,Marvin,Rudy,rudy.marvin.5357177660@codehaus.se,p2d1234,5357177660
5365585046,Becker,Aurelia,aurelia.becker.5365585046@codehaus.se,p2d1234,5365585046
5381986661,O'Kon,Libby,libby.o'kon.5381986661@codehaus.se,p2d1234,5381986661
5392696748,Gibson,Lois,lois.gibson.5392696748@codehaus.se,p2d1234,5392696748
5403659007,Wisozk,Ari,ari.wisozk.5403659007@codehaus.se,p2d1234,5403659007
5410684055,Rowe,Jettie,jettie.rowe.5410684055@codehaus.se,p2d1234,5410684055
5430520692,Konopelski,Rhoda,rhoda.konopelski.5430520692@codehaus.se,p2d1234,5430520692
5451855477,Murphy,Renee,renee.murphy.5451855477@codehaus.se,p2d1234,5451855477
5454554707,Wilkinson,Deion,deion.wilkinson.5454554707@codehaus.se,p2d1234,5454554707
5455399929,Glover,Joaquin,joaquin.glover.5455399929@codehaus.se,p2d1234,5455399929
5494467657,Gleichner,Emiliano,emiliano.gleichner.5494467657@codehaus.se,p2d1234,5494467657
5495306988,Vandervort,Rolando,rolando.vandervort.5495306988@codehaus.se,p2d1234,5495306988
5501056799,Bahringer,Katelyn,katelyn.bahringer.5501056799@codehaus.se,p2d1234,5501056799
5507358885,Emmerich,Rowena,rowena.emmerich.5507358885@codehaus.se,p2d1234,5507358885
5511581412,Dach,Lourdes,lourdes.dach.5511581412@codehaus.se,p2d1234,5511581412
5519847594,Huel,Waylon,waylon.huel.5519847594@codehaus.se,p2d1234,5519847594
5522414296,Rosenbaum,Carson,carson.rosenbaum.5522414296@codehaus.se,p2d1234,5522414296
5528087249,Baumbach,Caitlyn,caitlyn.baumbach.5528087249@codehaus.se,p2d1234,5528087249
5528107551,Reichert,Toy,toy.reichert.5528107551@codehaus.se,p2d1234,5528107551
5544048693,Gerlach,Waldo,waldo.gerlach.5544048693@codehaus.se,p2d1234,5544048693
5567380035,Kessler,Antwan,antwan.kessler.5567380035@codehaus.se,p2d1234,5567380035
5575882652,Cartwright,Magdalena,magdalena.cartwright.5575882652@codehaus.se,p2d1234,5575882652
5578193670,Predovic,Alvina,alvina.predovic.5578193670@codehaus.se,p2d1234,5578193670
5591091205,Kunze,Fatima,fatima.kunze.5591091205@codehaus.se,p2d1234,5591091205
5605631135,Zulauf,Odell,odell.zulauf.5605631135@codehaus.se,p2d1234,5605631135
5625400245,Turner,Reva,reva.turner.5625400245@codehaus.se,p2d1234,5625400245
5635409540,Gutkowski,Heath,heath.gutkowski.5635409540@codehaus.se,p2d1234,5635409540
5636953021,Bartoletti,Drake,drake.bartoletti.5636953021@codehaus.se,p2d1234,5636953021
5637509096,Greenfelder,Alisa,alisa.greenfelder.5637509096@codehaus.se,p2d1234,5637509096
5650546107,Moore,Oswald,oswald.moore.5650546107@codehaus.se,p2d1234,5650546107
5663417046,Pfannerstill,Wilburn,wilburn.pfannerstill.5663417046@codehaus.se,p2d1234,5663417046
5670024608,Conn,Nadia,nadia.conn.5670024608@codehaus.se,p2d1234,5670024608
5690536052,Jacobi,Nico,nico.jacobi.5690536052@codehaus.se,p2d1234,5690536052
5692243718,Johnson,Zachariah,zachariah.johnson.5692243718@codehaus.se,p2d1234,5692243718
5697235750,Herman,Bennie,bennie.herman.5697235750@codehaus.se,p2d1234,5697235750
5705839054,Lynch,Alana,alana.lynch.5705839054@codehaus.se,p2d1234,5705839054
5708036745,Bednar,Arianna,arianna.bednar.5708036745@codehaus.se,p2d1234,5708036745
5726322556,Kerluke,Earnest,earnest.kerluke.5726322556@codehaus.se,p2d1234,5726322556
5726540968,Berge,Evalyn,evalyn.berge.5726540968@codehaus.se,p2d1234,5726540968
5734496683,Ferry,Monte,monte.ferry.5734496683@codehaus.se,p2d1234,5734496683
5736553207,Kuvalis,Nasir,nasir.kuvalis.5736553207@codehaus.se,p2d1234,5736553207
5738648716,Tromp,Flavie,flavie.tromp.5738648716@codehaus.se,p2d1234,5738648716
5757959621,Conroy,Nicola,nicola.conroy.5757959621@codehaus.se,p2d1234,5757959621
5768531833,Krajcik,Angel,angel.krajcik.5768531833@codehaus.se,p2d1234,5768531833
5769333784,Prosacco,Emmitt,emmitt.prosacco.5769333784@codehaus.se,p2d1234,5769333784
5777109406,Lemke,Vladimir,vladimir.lemke.5777109406@codehaus.se,p2d1234,5777109406
5792599629,Konopelski,Horace,horace.konopelski.5792599629@codehaus.se,p2d1234,5792599629
5794647431,Hansen,Brando,brando.hansen.5794647431@codehaus.se,p2d1234,5794647431
5831248520,Kovacek,Eldora,eldora.kovacek.5831248520@codehaus.se,p2d1234,5831248520
5832565429,Nolan,Serena,serena.nolan.5832565429@codehaus.se,p2d1234,5832565429
5834444852,Weissnat,Francisco,francisco.weissnat.5834444852@codehaus.se,p2d1234,5834444852
5834577132,Reichert,Jeffrey,jeffrey.reichert.5834577132@codehaus.se,p2d1234,5834577132
5849450739,Wehner,Gregg,gregg.wehner.5849450739@codehaus.se,p2d1234,5849450739
5856197034,Kunde,Luisa,luisa.kunde.5856197034@codehaus.se,p2d1234,5856197034
5856263538,Rowe,Gage,gage.rowe.5856263538@codehaus.se,p2d1234,5856263538
5861782186,Howe,Kyra,kyra.howe.5861782186@codehaus.se,p2d1234,5861782186
5867811065,Hagenes,Chyna,chyna.hagenes.5867811065@codehaus.se,p2d1234,5867811065
5899217099,Upton,Lydia,lydia.upton.5899217099@codehaus.se,p2d1234,5899217099
5901073156,Mraz,Timmothy,timmothy.mraz.5901073156@codehaus.se,p2d1234,5901073156
5901485919,Gutmann,Ross,ross.gutmann.5901485919@codehaus.se,p2d1234,5901485919
5909298563,Brown,Torey,torey.brown.5909298563@codehaus.se,p2d1234,5909298563
5922265275,Doyle,Jamey,jamey.doyle.5922265275@codehaus.se,p2d1234,5922265275
5931447135,Maggio,Hal,hal.maggio.5931447135@codehaus.se,p2d1234,5931447135
5940563515,Balistreri,Mireya,mireya.balistreri.5940563515@codehaus.se,p2d1234,5940563515
5963616253,Ullrich,Zachary,zachary.ullrich.5963616253@codehaus.se,p2d1234,5963616253
5978440993,O'Reilly,Brandt,brandt.o'reilly.5978440993@codehaus.se,p2d1234,5978440993
5986840845,Schultz,Jerrold,jerrold.schultz.5986840845@codehaus.se,p2d1234,5986840845
5999952875,Doyle,Camren,camren.doyle.5999952875@codehaus.se,p2d1234,5999952875
6006026597,Cole,Kirstin,kirstin.cole.6006026597@codehaus.se,p2d1234,6006026597
6008838217,Hettinger,Junius,junius.hettinger.6008838217@codehaus.se,p2d1234,6008838217
6013132572,Blick,Milford,milford.blick.6013132572@codehaus.se,p2d1234,6013132572
6016327444,Halvorson,Kendra,kendra.halvorson.6016327444@codehaus.se,p2d1234,6016327444
6021785109,Rice,Lilliana,lilliana.rice.6021785109@codehaus.se,p2d1234,6021785109
6023231471,Pfeffer,Ava,ava.pfeffer.6023231471@codehaus.se,p2d1234,6023231471
6023527031,Kris,Desmond,desmond.kris.6023527031@codehaus.se,p2d1234,6023527031
6024665223,Will,Hank,hank.will.6024665223@codehaus.se,p2d1234,6024665223
6029924619,Hane,Milton,milton.hane.6029924619@codehaus.se,p2d1234,6029924619
6036923405,Jast,Easton,easton.jast.6036923405@codehaus.se,p2d1234,6036923405
6047925611,Mann,Alayna,alayna.mann.6047925611@codehaus.se,p2d1234,6047925611
6080643241,Wunsch,Meagan,meagan.wunsch.6080643241@codehaus.se,p2d1234,6080643241
6084443738,Cole,William,william.cole.6084443738@codehaus.se,p2d1234,6084443738
6088169184,Rempel,Scottie,scottie.rempel.6088169184@codehaus.se,p2d1234,6088169184
6110390895,Funk,Rhianna,rhianna.funk.6110390895@codehaus.se,p2d1234,6110390895
6123627806,West,Kian,kian.west.6123627806@codehaus.se,p2d1234,6123627806
6126556709,Marks,Shany,shany.marks.6126556709@codehaus.se,p2d1234,6126556709
6129082391,Reilly,Jammie,jammie.reilly.6129082391@codehaus.se,p2d1234,6129082391
6130502066,Graham,Meaghan,meaghan.graham.6130502066@codehaus.se,p2d1234,6130502066
6135417138,Maggio,Susanna,susanna.maggio.6135417138@codehaus.se,p2d1234,6135417138
6140296189,Kuhlman,Rhea,rhea.kuhlman.6140296189@codehaus.se,p2d1234,6140296189
6159042784,Rath,Milford,milford.rath.6159042784@codehaus.se,p2d1234,6159042784
6165257795,Nikolaus,Kara,kara.nikolaus.6165257795@codehaus.se,p2d1234,6165257795
6168720247,Beer,Darren,darren.beer.6168720247@codehaus.se,p2d1234,6168720247
6174915771,Schiller,Payton,payton.schiller.6174915771@codehaus.se,p2d1234,6174915771
6185568418,Wyman,Ronaldo,ronaldo.wyman.6185568418@codehaus.se,p2d1234,6185568418
6188203346,Abshire,Junius,junius.abshire.6188203346@codehaus.se,p2d1234,6188203346
6210188476,Davis,Lourdes,lourdes.davis.6210188476@codehaus.se,p2d1234,6210188476
6230493797,Moore,Shanny,shanny.moore.6230493797@codehaus.se,p2d1234,6230493797
6230634411,Gutkowski,Richmond,richmond.gutkowski.6230634411@codehaus.se,p2d1234,6230634411
6231631193,Schultz,Andres,andres.schultz.6231631193@codehaus.se,p2d1234,6231631193
6233702861,Douglas,Elva,elva.douglas.6233702861@codehaus.se,p2d1234,6233702861
6263013539,Marvin,Pierre,pierre.marvin.6263013539@codehaus.se,p2d1234,6263013539
6263965469,Ankunding,Jesse,jesse.ankunding.6263965469@codehaus.se,p2d1234,6263965469
6270130765,Durgan,Lazaro,lazaro.durgan.6270130765@codehaus.se,p2d1234,6270130765
6271076095,Deckow,Durward,durward.deckow.6271076095@codehaus.se,p2d1234,6271076095
6272991428,Nitzsche,Osbaldo,osbaldo.nitzsche.6272991428@codehaus.se,p2d1234,6272991428
6273380218,Wehner,Bruce,bruce.wehner.6273380218@codehaus.se,p2d1234,6273380218
6279926509,Barton,Rosa,rosa.barton.6279926509@codehaus.se,p2d1234,6279926509
6282794478,Kohler,Dallin,dallin.kohler.6282794478@codehaus.se,p2d1234,6282794478
6289388087,Stroman,Francisca,francisca.stroman.6289388087@codehaus.se,p2d1234,6289388087
6304786252,Ward,Antonietta,antonietta.ward.6304786252@codehaus.se,p2d1234,6304786252
6308068286,Ratke,Geovany,geovany.ratke.6308068286@codehaus.se,p2d1234,6308068286
6315890823,Oberbrunner,Jonatan,jonatan.oberbrunner.6315890823@codehaus.se,p2d1234,6315890823
6318722469,Cremin,Leilani,leilani.cremin.6318722469@codehaus.se,p2d1234,6318722469
6333473240,Torphy,Florence,florence.torphy.6333473240@codehaus.se,p2d1234,6333473240
6353637710,Ortiz,Valentine,valentine.ortiz.6353637710@codehaus.se,p2d1234,6353637710
6355391858,O'Hara,Eliane,eliane.o'hara.6355391858@codehaus.se,p2d1234,6355391858
6357359936,Kassulke,Brown,brown.kassulke.6357359936@codehaus.se,p2d1234,6357359936
6362794789,Kunze,Guy,guy.kunze.6362794789@codehaus.se,p2d1234,6362794789
6378241202,Huels,Katelyn,katelyn.huels.6378241202@codehaus.se,p2d1234,6378241202
6381657855,Anderson,Alexandrine,alexandrine.anderson.6381657855@codehaus.se,p2d1234,6381657855
6395722171,Purdy,Norval,norval.purdy.6395722171@codehaus.se,p2d1234,6395722171
6405562404,Ryan,Henry,henry.ryan.6405562404@codehaus.se,p2d1234,6405562404
6406816667,Kessler,Santino,santino.kessler.6406816667@codehaus.se,p2d1234,6406816667
6441420023,Fisher,Alvena,alvena.fisher.6441420023@codehaus.se,p2d1234,6441420023
6441846055,Kulas,Althea,althea.kulas.6441846055@codehaus.se,p2d1234,6441846055
6452200924,Monahan,Savanna,savanna.monahan.6452200924@codehaus.se,p2d1234,6452200924
6468535712,Bernier,Omer,omer.bernier.6468535712@codehaus.se,p2d1234,6468535712
6472633008,Romaguera,Carlee,carlee.romaguera.6472633008@codehaus.se,p2d1234,6472633008
6479377721,Flatley,Skyla,skyla.flatley.6479377721@codehaus.se,p2d1234,6479377721
6480098758,Reinger,Jaden,jaden.reinger.6480098758@codehaus.se,p2d1234,6480098758
6488428521,Brekke,Angie,angie.brekke.6488428521@codehaus.se,p2d1234,6488428521
6494896403,Carter,Mariano,mariano.carter.6494896403@codehaus.se,p2d1234,6494896403
6503684156,Kuhic,Amparo,amparo.kuhic.6503684156@codehaus.se,p2d1234,6503684156
6506429625,O'Keefe,Lauriane,lauriane.o'keefe.6506429625@codehaus.se,p2d1234,6506429625
6507896306,Green,Roman,roman.green.6507896306@codehaus.se,p2d1234,6507896306
6512770726,Feil,Amanda,amanda.feil.6512770726@codehaus.se,p2d1234,6512770726
6517964504,Veum,Gabriel,gabriel.veum.6517964504@codehaus.se,p2d1234,6517964504
6540875662,Streich,Kenny,kenny.streich.6540875662@codehaus.se,p2d1234,6540875662
6547461021,Dooley,Kiel,kiel.dooley.6547461021@codehaus.se,p2d1234,6547461021
6555725526,Hettinger,Francisca,francisca.hettinger.6555725526@codehaus.se,p2d1234,6555725526
6556198632,Collier,Johann,johann.collier.6556198632@codehaus.se,p2d1234,6556198632
6556301447,Powlowski,Juanita,juanita.powlowski.6556301447@codehaus.se,p2d1234,6556301447
6576094714,Streich,Clementine,clementine.streich.6576094714@codehaus.se,p2d1234,6576094714
6578945992,Nikolaus,Alexie,alexie.nikolaus.6578945992@codehaus.se,p2d1234,6578945992
6587392139,Glover,Edd,edd.glover.6587392139@codehaus.se,p2d1234,6587392139
6595390885,Gerhold,Clifford,clifford.gerhold.6595390885@codehaus.se,p2d1234,6595390885
6598378926,Adams,Janis,janis.adams.6598378926@codehaus.se,p2d1234,6598378926
6612199595,Renner,Mackenzie,mackenzie.renner.6612199595@codehaus.se,p2d1234,6612199595
6613231010,Beier,Danyka,danyka.beier.6613231010@codehaus.se,p2d1234,6613231010
6617693730,Berge,Christopher,christopher.berge.6617693730@codehaus.se,p2d1234,6617693730
6619104436,Senger,Marcella,marcella.senger.6619104436@codehaus.se,p2d1234,6619104436
6623189780,Bradtke,Korbin,korbin.bradtke.6623189780@codehaus.se,p2d1234,6623189780
6648718392,Weissnat,Cara,cara.weissnat.6648718392@codehaus.se,p2d1234,6648718392
6652629863,Aufderhar,Maeve,maeve.aufderhar.6652629863@codehaus.se,p2d1234,6652629863
6652783699,Runte,Hal,hal.runte.6652783699@codehaus.se,p2d1234,6652783699
6658357181,Hodkiewicz,Elenora,elenora.hodkiewicz.6658357181@codehaus.se,p2d1234,6658357181
6659112235,Aufderhar,Osbaldo,osbaldo.aufderhar.6659112235@codehaus.se,p2d1234,6659112235
6666110869,Volkman,Jackeline,jackeline.volkman.6666110869@codehaus.se,p2d1234,6666110869
6667268434,Erdman,Cyrus,cyrus.erdman.6667268434@codehaus.se,p2d1234,6667268434
6670676290,Gulgowski,Cora,cora.gulgowski.6670676290@codehaus.se,p2d1234,6670676290
6672975820,Dibbert,Jonathon,jonathon.dibbert.6672975820@codehaus.se,p2d1234,6672975820
6693245389,Ryan,Monica,monica.ryan.6693245389@codehaus.se,p2d1234,6693245389
6727598280,Runte,Yesenia,yesenia.runte.6727598280@codehaus.se,p2d1234,6727598280
6762430963,Nolan,Hellen,hellen.nolan.6762430963@codehaus.se,p2d1234,6762430963
6781241906,Hermiston,Lupe,lupe.hermiston.6781241906@codehaus.se,p2d1234,6781241906
6786442589,Watsica,Henderson,henderson.watsica.6786442589@codehaus.se,p2d1234,6786442589
6798844014,Mayer,Hillard,hillard.mayer.6798844014@codehaus.se,p2d1234,6798844014
6814259703,Hauck,Rickie,rickie.hauck.6814259703@codehaus.se,p2d1234,6814259703
6818688365,Larkin,Justine,justine.larkin.6818688365@codehaus.se,p2d1234,6818688365
6846086857,Beahan,Makayla,makayla.beahan.6846086857@codehaus.se,p2d1234,6846086857
6849344510,Stroman,Shannon,shannon.stroman.6849344510@codehaus.se,p2d1234,6849344510
6852452754,Simonis,Enoch,enoch.simonis.6852452754@codehaus.se,p2d1234,6852452754
6853890124,McKenzie,Cole,cole.mckenzie.6853890124@codehaus.se,p2d1234,6853890124
6865075908,Lang,Dorthy,dorthy.lang.6865075908@codehaus.se,p2d1234,6865075908
6872118549,White,Lillian,lillian.white.6872118549@codehaus.se,p2d1234,6872118549
6874396418,Green,Bill,bill.green.6874396418@codehaus.se,p2d1234,6874396418
6875007314,Harvey,Berenice,berenice.harvey.6875007314@codehaus.se,p2d1234,6875007314
6894011718,Sauer,Sebastian,sebastian.sauer.6894011718@codehaus.se,p2d1234,6894011718
6894530353,Langworth,Clay,clay.langworth.6894530353@codehaus.se,p2d1234,6894530353
6900585389,Cummings,Charlie,charlie.cummings.6900585389@codehaus.se,p2d1234,6900585389
6902088781,Watsica,Hope,hope.watsica.6902088781@codehaus.se,p2d1234,6902088781
6903715457,Heaney,Chase,chase.heaney.6903715457@codehaus.se,p2d1234,6903715457
6905164728,Ward,Fannie,fannie.ward.6905164728@codehaus.se,p2d1234,6905164728
6919546719,Kulas,Ian,ian.kulas.6919546719@codehaus.se,p2d1234,6919546719
6925502136,Block,Gretchen,gretchen.block.6925502136@codehaus.se,p2d1234,6925502136
6926040618,Bayer,Bridie,bridie.bayer.6926040618@codehaus.se,p2d1234,6926040618
6926096371,Rempel,Arnold,arnold.rempel.6926096371@codehaus.se,p2d1234,6926096371
6959586283,Orn,Jessika,jessika.orn.6959586283@codehaus.se,p2d1234,6959586283
6968794203,Lakin,Gay,gay.lakin.6968794203@codehaus.se,p2d1234,6968794203
6975663393,Lockman,Oliver,oliver.lockman.6975663393@codehaus.se,p2d1234,6975663393
6979613472,Beier,Eusebio,eusebio.beier.6979613472@codehaus.se,p2d1234,6979613472
6983117543,Konopelski,Alia,alia.konopelski.6983117543@codehaus.se,p2d1234,6983117543
6986984627,Bartoletti,Allen,allen.bartoletti.6986984627@codehaus.se,p2d1234,6986984627
6988253072,Romaguera,Alexandria,alexandria.romaguera.6988253072@codehaus.se,p2d1234,6988253072
6993158670,Mitchell,Demarcus,demarcus.mitchell.6993158670@codehaus.se,p2d1234,6993158670
6996918633,Prosacco,Alec,alec.prosacco.6996918633@codehaus.se,p2d1234,6996918633
7019424013,Ritchie,Rosemary,rosemary.ritchie.7019424013@codehaus.se,p2d1234,7019424013
7028801621,Hartmann,Tatum,tatum.hartmann.7028801621@codehaus.se,p2d1234,7028801621
7029728545,Murray,Hassie,hassie.murray.7029728545@codehaus.se,p2d1234,7029728545
7030513259,Roberts,Hipolito,hipolito.roberts.7030513259@codehaus.se,p2d1234,7030513259
7031637818,Kreiger,Bennie,bennie.kreiger.7031637818@codehaus.se,p2d1234,7031637818
7054328395,Cronin,Shaylee,shaylee.cronin.7054328395@codehaus.se,p2d1234,7054328395
7056316279,Rempel,Keith,keith.rempel.7056316279@codehaus.se,p2d1234,7056316279
7063486121,Denesik,Elise,elise.denesik.7063486121@codehaus.se,p2d1234,7063486121
7070596867,Yost,Will,will.yost.7070596867@codehaus.se,p2d1234,7070596867
7080315854,Romaguera,Justen,justen.romaguera.7080315854@codehaus.se,p2d1234,7080315854
7089879815,Donnelly,Mossie,mossie.donnelly.7089879815@codehaus.se,p2d1234,7089879815
7094548747,Schmeler,Terrill,terrill.schmeler.7094548747@codehaus.se,p2d1234,7094548747
7122508874,Crist,River,river.crist.7122508874@codehaus.se,p2d1234,7122508874
7132596645,Kuhic,Mona,mona.kuhic.7132596645@codehaus.se,p2d1234,7132596645
7133272544,Walker,Lela,lela.walker.7133272544@codehaus.se,p2d1234,7133272544
7141005356,Wiegand,Natalia,natalia.wiegand.7141005356@codehaus.se,p2d1234,7141005356
7144063014,Torphy,Erick,erick.torphy.7144063014@codehaus.se,p2d1234,7144063014
7188480843,Reichert,Johnathan,johnathan.reichert.7188480843@codehaus.se,p2d1234,7188480843
7223805105,King,Sylvia,sylvia.king.7223805105@codehaus.se,p2d1234,7223805105
7226694194,Lang,Efrain,efrain.lang.7226694194@codehaus.se,p2d1234,7226694194
7227691599,Wyman,Cecile,cecile.wyman.7227691599@codehaus.se,p2d1234,7227691599
7230099546,Conn,Eve,eve.conn.7230099546@codehaus.se,p2d1234,7230099546
7258832204,Yost,Raheem,raheem.yost.7258832204@codehaus.se,p2d1234,7258832204
7269879486,Bruen,Orie,orie.bruen.7269879486@codehaus.se,p2d1234,7269879486
7271602296,Brakus,Dee,dee.brakus.7271602296@codehaus.se,p2d1234,7271602296
7272743600,Schultz,Maxwell,maxwell.schultz.7272743600@codehaus.se,p2d1234,7272743600
7275852709,Ritchie,Magnus,magnus.ritchie.7275852709@codehaus.se,p2d1234,7275852709
7278675472,Schaefer,Naomi,naomi.schaefer.7278675472@codehaus.se,p2d1234,7278675472
7282164842,Rosenbaum,Ofelia,ofelia.rosenbaum.7282164842@codehaus.se,p2d1234,7282164842
7283072955,Rogahn,Jadyn,jadyn.rogahn.7283072955@codehaus.se,p2d1234,7283072955
7292446953,Zemlak,Amelia,amelia.zemlak.7292446953@codehaus.se,p2d1234,7292446953
7296694666,Bergnaum,Zita,zita.bergnaum.7296694666@codehaus.se,p2d1234,7296694666
7301921605,Parisian,Lizzie,lizzie.parisian.7301921605@codehaus.se,p2d1234,7301921605
7309724094,Ward,Sarah,sarah.ward.7309724094@codehaus.se,p2d1234,7309724094
7326241691,Boyer,Gene,gene.boyer.7326241691@codehaus.se,p2d1234,7326241691
7331854098,Flatley,Lester,lester.flatley.7331854098@codehaus.se,p2d1234,7331854098
7332412375,Kohler,Kaden,kaden.kohler.7332412375@codehaus.se,p2d1234,7332412375
7345072913,Hettinger,Darron,darron.hettinger.7345072913@codehaus.se,p2d1234,7345072913
7358958699,Kulas,Lisa,lisa.kulas.7358958699@codehaus.se,p2d1234,7358958699
7368801653,Brakus,Amalia,amalia.brakus.7368801653@codehaus.se,p2d1234,7368801653
7371768119,Lowe,Kiera,kiera.lowe.7371768119@codehaus.se,p2d1234,7371768119
7384189933,Jenkins,Elian,elian.jenkins.7384189933@codehaus.se,p2d1234,7384189933
7403867624,Schoen,Lulu,lulu.schoen.7403867624@codehaus.se,p2d1234,7403867624
7406726575,Klein,Emmanuelle,emmanuelle.klein.7406726575@codehaus.se,p2d1234,7406726575
7408552712,Shields,Adriana,adriana.shields.7408552712@codehaus.se,p2d1234,7408552712
7411212613,Kunde,Carissa,carissa.kunde.7411212613@codehaus.se,p2d1234,7411212613
7420728327,Hilpert,Nyasia,nyasia.hilpert.7420728327@codehaus.se,p2d1234,7420728327
7423433024,Von,Cole,cole.von.7423433024@codehaus.se,p2d1234,7423433024
7433516209,Erdman,Ricky,ricky.erdman.7433516209@codehaus.se,p2d1234,7433516209
7445171003,Bosco,Nathen,nathen.bosco.7445171003@codehaus.se,p2d1234,7445171003
7476736022,Ratke,Caden,caden.ratke.7476736022@codehaus.se,p2d1234,7476736022
7483983996,Keeling,Chase,chase.keeling.7483983996@codehaus.se,p2d1234,7483983996
7485031564,Kuhic,Tom,tom.kuhic.7485031564@codehaus.se,p2d1234,7485031564
7489833634,Armstrong,Macy,macy.armstrong.7489833634@codehaus.se,p2d1234,7489833634
7496851856,Doyle,Dan,dan.doyle.7496851856@codehaus.se,p2d1234,7496851856
7500858130,Parisian,Lilliana,lilliana.parisian.7500858130@codehaus.se,p2d1234,7500858130
7501387424,Hahn,Lawrence,lawrence.hahn.7501387424@codehaus.se,p2d1234,7501387424
7502353374,Rath,Jakob,jakob.rath.7502353374@codehaus.se,p2d1234,7502353374
7542959606,Brekke,Kirsten,kirsten.brekke.7542959606@codehaus.se,p2d1234,7542959606
7544593570,Shanahan,Cordell,cordell.shanahan.7544593570@codehaus.se,p2d1234,7544593570
7548823554,Hintz,Andreane,andreane.hintz.7548823554@codehaus.se,p2d1234,7548823554
7564978870,Haag,Amaya,amaya.haag.7564978870@codehaus.se,p2d1234,7564978870
7568427566,Schmeler,Monica,monica.schmeler.7568427566@codehaus.se,p2d1234,7568427566
7577402510,Weissnat,Kaleb,kaleb.weissnat.7577402510@codehaus.se,p2d1234,7577402510
7581229914,Stark,Alvis,alvis.stark.7581229914@codehaus.se,p2d1234,7581229914
7597404994,Kub,Raquel,raquel.kub.7597404994@codehaus.se,p2d1234,7597404994
7605888836,Waters,Lelah,lelah.waters.7605888836@codehaus.se,p2d1234,7605888836
7618277614,Windler,Eldridge,eldridge.windler.7618277614@codehaus.se,p2d1234,7618277614
7620527011,Rohan,Harmon,harmon.rohan.7620527011@codehaus.se,p2d1234,7620527011
7622269101,Leffler,Whitney,whitney.leffler.7622269101@codehaus.se,p2d1234,7622269101
7622590535,Grady,Axel,axel.grady.7622590535@codehaus.se,p2d1234,7622590535
7638204843,Schultz,Efren,efren.schultz.7638204843@codehaus.se,p2d1234,7638204843
7658312965,Langosh,Arlie,arlie.langosh.7658312965@codehaus.se,p2d1234,7658312965
7672105470,Jakubowski,Mike,mike.jakubowski.7672105470@codehaus.se,p2d1234,7672105470
7698984467,Russel,Caesar,caesar.russel.7698984467@codehaus.se,p2d1234,7698984467
7704218255,Hintz,Gust,gust.hintz.7704218255@codehaus.se,p2d1234,7704218255
7707485423,Thompson,Ima,ima.thompson.7707485423@codehaus.se,p2d1234,7707485423
7715054734,Koelpin,Consuelo,consuelo.koelpin.7715054734@codehaus.se,p2d1234,7715054734
7719428016,O'Connell,Macy,macy.o'connell.7719428016@codehaus.se,p2d1234,7719428016
7736555711,Satterfield,Bulah,bulah.satterfield.7736555711@codehaus.se,p2d1234,7736555711
7748038864,Zulauf,Damian,damian.zulauf.7748038864@codehaus.se,p2d1234,7748038864
7765117141,Lockman,River,river.lockman.7765117141@codehaus.se,p2d1234,7765117141
7766432911,O'Reilly,Rebeka,rebeka.o'reilly.7766432911@codehaus.se,p2d1234,7766432911
7769295066,Lebsack,Cheyanne,cheyanne.lebsack.7769295066@codehaus.se,p2d1234,7769295066
7773748564,Ledner,Reynold,reynold.ledner.7773748564@codehaus.se,p2d1234,7773748564
7778934194,Wisoky,John,john.wisoky.7778934194@codehaus.se,p2d1234,7778934194
7784589256,Cruickshank,Thelma,thelma.cruickshank.7784589256@codehaus.se,p2d1234,7784589256
7784660662,Hammes,Esta,esta.hammes.7784660662@codehaus.se,p2d1234,7784660662
7789937494,Ledner,Rylee,rylee.ledner.7789937494@codehaus.se,p2d1234,7789937494
7799272986,Wunsch,Tatyana,tatyana.wunsch.7799272986@codehaus.se,p2d1234,7799272986
7813819532,Marvin,Arianna,arianna.marvin.7813819532@codehaus.se,p2d1234,7813819532
7822992449,Huels,Kianna,kianna.huels.7822992449@codehaus.se,p2d1234,7822992449
7824382634,Jaskolski,Thora,thora.jaskolski.7824382634@codehaus.se,p2d1234,7824382634
7831786953,Sporer,Theron,theron.sporer.7831786953@codehaus.se,p2d1234,7831786953
7832417980,Breitenberg,Jennings,jennings.breitenberg.7832417980@codehaus.se,p2d1234,7832417980
7835991114,Berge,Phoebe,phoebe.berge.7835991114@codehaus.se,p2d1234,7835991114
7866611599,Stokes,Vern,vern.stokes.7866611599@codehaus.se,p2d1234,7866611599
7892179790,Cole,Roman,roman.cole.7892179790@codehaus.se,p2d1234,7892179790
7905596790,Corwin,Trudie,trudie.corwin.7905596790@codehaus.se,p2d1234,7905596790
7907477197,Hirthe,Rosemarie,rosemarie.hirthe.7907477197@codehaus.se,p2d1234,7907477197
7929504017,Crist,Nora,nora.crist.7929504017@codehaus.se,p2d1234,7929504017
7929806805,Kuphal,Loren,loren.kuphal.7929806805@codehaus.se,p2d1234,7929806805
7930319803,Grady,Emmie,emmie.grady.7930319803@codehaus.se,p2d1234,7930319803
7933935633,Schamberger,Eleanore,eleanore.schamberger.7933935633@codehaus.se,p2d1234,7933935633
7944036791,Gleichner,Maxie,maxie.gleichner.7944036791@codehaus.se,p2d1234,7944036791
7958477733,Ziemann,Elyse,elyse.ziemann.7958477733@codehaus.se,p2d1234,7958477733
7961186257,Romaguera,Jovany,jovany.romaguera.7961186257@codehaus.se,p2d1234,7961186257
7970673346,Hegmann,Eriberto,eriberto.hegmann.7970673346@codehaus.se,p2d1234,7970673346
7972997386,Hoppe,Marjorie,marjorie.hoppe.7972997386@codehaus.se,p2d1234,7972997386
7983550344,Skiles,Silas,silas.skiles.7983550344@codehaus.se,p2d1234,7983550344
8019426437,Dach,Krystina,krystina.dach.8019426437@codehaus.se,p2d1234,8019426437
8027911442,Hoeger,Xavier,xavier.hoeger.8027911442@codehaus.se,p2d1234,8027911442
8044413641,Kuhlman,Minerva,minerva.kuhlman.8044413641@codehaus.se,p2d1234,8044413641
8047749470,Kiehn,Carolyne,carolyne.kiehn.8047749470@codehaus.se,p2d1234,8047749470
8047990892,Breitenberg,Clement,clement.breitenberg.8047990892@codehaus.se,p2d1234,8047990892
8070853151,Gleichner,Aylin,aylin.gleichner.8070853151@codehaus.se,p2d1234,8070853151
8077749169,Walsh,Edison,edison.walsh.8077749169@codehaus.se,p2d1234,8077749169
8098256174,Leffler,Ceasar,ceasar.leffler.8098256174@codehaus.se,p2d1234,8098256174
8101198544,Krajcik,Abner,abner.krajcik.8101198544@codehaus.se,p2d1234,8101198544
8103534316,Smith,William,william.smith.8103534316@codehaus.se,p2d1234,8103534316
8118391910,Hintz,Abel,abel.hintz.8118391910@codehaus.se,p2d1234,8118391910
8126025774,O'Kon,Darion,darion.o'kon.8126025774@codehaus.se,p2d1234,8126025774
8153728052,Lockman,Madison,madison.lockman.8153728052@codehaus.se,p2d1234,8153728052
8161359823,Nitzsche,Eliseo,eliseo.nitzsche.8161359823@codehaus.se,p2d1234,8161359823
8168456367,Sanford,Raven,raven.sanford.8168456367@codehaus.se,p2d1234,8168456367
8170060932,Considine,Thea,thea.considine.8170060932@codehaus.se,p2d1234,8170060932
8175482609,Nienow,Raegan,raegan.nienow.8175482609@codehaus.se,p2d1234,8175482609
8193096377,Conroy,Juston,juston.conroy.8193096377@codehaus.se,p2d1234,8193096377
8194344774,Kiehn,Jackie,jackie.kiehn.8194344774@codehaus.se,p2d1234,8194344774
8198023429,Stroman,Ima,ima.stroman.8198023429@codehaus.se,p2d1234,8198023429
8218526164,Kunze,Maritza,maritza.kunze.8218526164@codehaus.se,p2d1234,8218526164
8224614018,West,Ibrahim,ibrahim.west.8224614018@codehaus.se,p2d1234,8224614018
8227199501,Rodriguez,Tianna,tianna.rodriguez.8227199501@codehaus.se,p2d1234,8227199501
8231774273,Deckow,Vito,vito.deckow.8231774273@codehaus.se,p2d1234,8231774273
8245761483,Stark,Ciara,ciara.stark.8245761483@codehaus.se,p2d1234,8245761483
8246960649,Johnson,Eldora,eldora.johnson.8246960649@codehaus.se,p2d1234,8246960649
8249668715,Torp,Rogelio,rogelio.torp.8249668715@codehaus.se,p2d1234,8249668715
8261640308,Carter,Stewart,stewart.carter.8261640308@codehaus.se,p2d1234,8261640308
8264651362,Fay,Bridie,bridie.fay.8264651362@codehaus.se,p2d1234,8264651362
8268260695,Koss,Chelsea,chelsea.koss.8268260695@codehaus.se,p2d1234,8268260695
8278842379,Satterfield,Randall,randall.satterfield.8278842379@codehaus.se,p2d1234,8278842379
8280718454,Torp,Janice,janice.torp.8280718454@codehaus.se,p2d1234,8280718454
8287874038,Beier,Santa,santa.beier.8287874038@codehaus.se,p2d1234,8287874038
8312761325,Pacocha,Demetris,demetris.pacocha.8312761325@codehaus.se,p2d1234,8312761325
8315440086,Douglas,Owen,owen.douglas.8315440086@codehaus.se,p2d1234,8315440086
8316910278,Howe,Bessie,bessie.howe.8316910278@codehaus.se,p2d1234,8316910278
8332984258,Quitzon,Brendan,brendan.quitzon.8332984258@codehaus.se,p2d1234,8332984258
8338551166,Collier,Iliana,iliana.collier.8338551166@codehaus.se,p2d1234,8338551166
8353659946,Jacobson,Leta,leta.jacobson.8353659946@codehaus.se,p2d1234,8353659946
8357839881,Heller,Lucie,lucie.heller.8357839881@codehaus.se,p2d1234,8357839881
8379634900,Senger,Roma,roma.senger.8379634900@codehaus.se,p2d1234,8379634900
8382147081,Labadie,Norris,norris.labadie.8382147081@codehaus.se,p2d1234,8382147081
8382357009,Jast,Maximillian,maximillian.jast.8382357009@codehaus.se,p2d1234,8382357009
8394095089,Cartwright,Kayli,kayli.cartwright.8394095089@codehaus.se,p2d1234,8394095089
8409977041,Moen,Lisette,lisette.moen.8409977041@codehaus.se,p2d1234,8409977041
8424165195,Reichert,Johnpaul,johnpaul.reichert.8424165195@codehaus.se,p2d1234,8424165195
8450897423,Hyatt,Louvenia,louvenia.hyatt.8450897423@codehaus.se,p2d1234,8450897423
8467317429,Simonis,Valentina,valentina.simonis.8467317429@codehaus.se,p2d1234,8467317429
8473629784,Tromp,Daron,daron.tromp.8473629784@codehaus.se,p2d1234,8473629784
8476551126,Rohan,Lon,lon.rohan.8476551126@codehaus.se,p2d1234,8476551126
8478855276,Lindgren,Alford,alford.lindgren.8478855276@codehaus.se,p2d1234,8478855276
8484220863,Baumbach,Melyna,melyna.baumbach.8484220863@codehaus.se,p2d1234,8484220863
8487643632,Howe,Dena,dena.howe.8487643632@codehaus.se,p2d1234,8487643632
8499127254,Barrows,Pietro,pietro.barrows.8499127254@codehaus.se,p2d1234,8499127254
8503741765,Predovic,Webster,webster.predovic.8503741765@codehaus.se,p2d1234,8503741765
8511749230,Fritsch,Millie,millie.fritsch.8511749230@codehaus.se,p2d1234,8511749230
8512829939,Fritsch,Ray,ray.fritsch.8512829939@codehaus.se,p2d1234,8512829939
8514333720,Schmitt,Cassidy,cassidy.schmitt.8514333720@codehaus.se,p2d1234,8514333720
8515050501,Marks,Johnnie,johnnie.marks.8515050501@codehaus.se,p2d1234,8515050501
8524405055,West,Destini,destini.west.8524405055@codehaus.se,p2d1234,8524405055
8530739475,Miller,Luz,luz.miller.8530739475@codehaus.se,p2d1234,8530739475
8544063468,Bernhard,Marilyne,marilyne.bernhard.8544063468@codehaus.se,p2d1234,8544063468
8544261706,Hettinger,Milan,milan.hettinger.8544261706@codehaus.se,p2d1234,8544261706
8567940040,White,Vincenza,vincenza.white.8567940040@codehaus.se,p2d1234,8567940040
8571481266,Armstrong,Nick,nick.armstrong.8571481266@codehaus.se,p2d1234,8571481266
8583671278,Baumbach,Katrina,katrina.baumbach.8583671278@codehaus.se,p2d1234,8583671278
8589602919,Grady,Josh,josh.grady.8589602919@codehaus.se,p2d1234,8589602919
8597248829,Murray,Lew,lew.murray.8597248829@codehaus.se,p2d1234,8597248829
8602953001,Friesen,Dino,dino.friesen.8602953001@codehaus.se,p2d1234,8602953001
8619440423,Schiller,Kenton,kenton.schiller.8619440423@codehaus.se,p2d1234,8619440423
8631778512,Towne,Ferne,ferne.towne.8631778512@codehaus.se,p2d1234,8631778512
8636468051,Treutel,Leila,leila.treutel.8636468051@codehaus.se,p2d1234,8636468051
8644106163,Prosacco,Garrick,garrick.prosacco.8644106163@codehaus.se,p2d1234,8644106163
8648013810,Koelpin,Cordelia,cordelia.koelpin.8648013810@codehaus.se,p2d1234,8648013810
8653578981,Murazik,Adam,adam.murazik.8653578981@codehaus.se,p2d1234,8653578981
8659887379,Larson,Mia,mia.larson.8659887379@codehaus.se,p2d1234,8659887379
8664125441,Zulauf,Benedict,benedict.zulauf.8664125441@codehaus.se,p2d1234,8664125441
8670005393,Little,Emile,emile.little.8670005393@codehaus.se,p2d1234,8670005393
8681829987,Roberts,Aurelia,aurelia.roberts.8681829987@codehaus.se,p2d1234,8681829987
8713320047,Runte,Vincenzo,vincenzo.runte.8713320047@codehaus.se,p2d1234,8713320047
8728177834,Fay,Baby,baby.fay.8728177834@codehaus.se,p2d1234,8728177834
8746333808,Lang,Clemmie,clemmie.lang.8746333808@codehaus.se,p2d1234,8746333808
8766515607,Strosin,Shad,shad.strosin.8766515607@codehaus.se,p2d1234,8766515607
8771059707,Torp,Jayden,jayden.torp.8771059707@codehaus.se,p2d1234,8771059707
8771817078,Koch,Jena,jena.koch.8771817078@codehaus.se,p2d1234,8771817078
8773726619,Kris,Sister,sister.kris.8773726619@codehaus.se,p2d1234,8773726619
8780635458,Goyette,Adrienne,adrienne.goyette.8780635458@codehaus.se,p2d1234,8780635458
8782435785,Ebert,Iliana,iliana.ebert.8782435785@codehaus.se,p2d1234,8782435785
8797878910,Marks,Mireya,mireya.marks.8797878910@codehaus.se,p2d1234,8797878910
8797957975,Terry,Jillian,jillian.terry.8797957975@codehaus.se,p2d1234,8797957975
8799700604,Hartmann,Rey,rey.hartmann.8799700604@codehaus.se,p2d1234,8799700604
8806242551,Johnson,Urban,urban.johnson.8806242551@codehaus.se,p2d1234,8806242551
8811027574,Klein,Cole,cole.klein.8811027574@codehaus.se,p2d1234,8811027574
8818071687,Howell,Elfrieda,elfrieda.howell.8818071687@codehaus.se,p2d1234,8818071687
8848946291,Runolfsson,Delaney,delaney.runolfsson.8848946291@codehaus.se,p2d1234,8848946291
8875850563,Larkin,Esperanza,esperanza.larkin.8875850563@codehaus.se,p2d1234,8875850563
8882874792,Ortiz,Chasity,chasity.ortiz.8882874792@codehaus.se,p2d1234,8882874792
8882994887,Windler,Dasia,dasia.windler.8882994887@codehaus.se,p2d1234,8882994887
8884988614,Renner,Torrey,torrey.renner.8884988614@codehaus.se,p2d1234,8884988614
8893170799,Mraz,Valerie,valerie.mraz.8893170799@codehaus.se,p2d1234,8893170799
8924868564,Schoen,Edyth,edyth.schoen.8924868564@codehaus.se,p2d1234,8924868564
8925727942,Wolff,Elvera,elvera.wolff.8925727942@codehaus.se,p2d1234,8925727942
8926225438,Brekke,Elroy,elroy.brekke.8926225438@codehaus.se,p2d1234,8926225438
8939026587,Ebert,Jimmie,jimmie.ebert.8939026587@codehaus.se,p2d1234,8939026587
8957293103,Gusikowski,Efren,efren.gusikowski.8957293103@codehaus.se,p2d1234,8957293103
8972303204,Hauck,Keshawn,keshawn.hauck.8972303204@codehaus.se,p2d1234,8972303204
8973132440,Herman,Athena,athena.herman.8973132440@codehaus.se,p2d1234,8973132440
8976546969,Hagenes,Garrick,garrick.hagenes.8976546969@codehaus.se,p2d1234,8976546969
8994317219,Hickle,Bobby,bobby.hickle.8994317219@codehaus.se,p2d1234,8994317219
9007721742,Langosh,Keith,keith.langosh.9007721742@codehaus.se,p2d1234,9007721742
9020975329,Gislason,Zachery,zachery.gislason.9020975329@codehaus.se,p2d1234,9020975329
9030278230,Medhurst,Elian,elian.medhurst.9030278230@codehaus.se,p2d1234,9030278230
9031519874,Moore,Alexa,alexa.moore.9031519874@codehaus.se,p2d1234,9031519874
9055893521,Feeney,Isabel,isabel.feeney.9055893521@codehaus.se,p2d1234,9055893521
9057287689,Prohaska,Aniya,aniya.prohaska.9057287689@codehaus.se,p2d1234,9057287689
9061471236,Luettgen,Nathanial,nathanial.luettgen.9061471236@codehaus.se,p2d1234,9061471236
9063196604,Cassin,Arlene,arlene.cassin.9063196604@codehaus.se,p2d1234,9063196604
9075977797,Lehner,Kody,kody.lehner.9075977797@codehaus.se,p2d1234,9075977797
9082338733,Hyatt,Lorena,lorena.hyatt.9082338733@codehaus.se,p2d1234,9082338733
9082595806,Sawayn,Arturo,arturo.sawayn.9082595806@codehaus.se,p2d1234,9082595806
9085629232,Heller,Lawrence,lawrence.heller.9085629232@codehaus.se,p2d1234,9085629232
9090457812,D'Amore,Isabelle,isabelle.d'amore.9090457812@codehaus.se,p2d1234,9090457812
9096012684,Upton,Marcella,marcella.upton.9096012684@codehaus.se,p2d1234,9096012684
9102043143,Kirlin,Jaeden,jaeden.kirlin.9102043143@codehaus.se,p2d1234,9102043143
9105788766,McDermott,Gerhard,gerhard.mcdermott.9105788766@codehaus.se,p2d1234,9105788766
9124186663,Veum,Kariane,kariane.veum.9124186663@codehaus.se,p2d1234,9124186663
9137469806,Buckridge,Arnoldo,arnoldo.buckridge.9137469806@codehaus.se,p2d1234,9137469806
9151437399,Gleichner,Catalina,catalina.gleichner.9151437399@codehaus.se,p2d1234,9151437399
9162604630,Thiel,Andrew,andrew.thiel.9162604630@codehaus.se,p2d1234,9162604630
9167523309,King,Vickie,vickie.king.9167523309@codehaus.se,p2d1234,9167523309
9170071496,Schroeder,Timmothy,timmothy.schroeder.9170071496@codehaus.se,p2d1234,9170071496
9180346293,Schultz,Delta,delta.schultz.9180346293@codehaus.se,p2d1234,9180346293
9199198797,Wiegand,Hazle,hazle.wiegand.9199198797@codehaus.se,p2d1234,9199198797
9216979556,Batz,Nikita,nikita.batz.9216979556@codehaus.se,p2d1234,9216979556
9219676641,Hayes,Carson,carson.hayes.9219676641@codehaus.se,p2d1234,9219676641
9231318661,Corwin,Warren,warren.corwin.9231318661@codehaus.se,p2d1234,9231318661
9248362137,Armstrong,Orval,orval.armstrong.9248362137@codehaus.se,p2d1234,9248362137
9259423409,Nienow,Jolie,jolie.nienow.9259423409@codehaus.se,p2d1234,9259423409
9268457807,Botsford,Dina,dina.botsford.9268457807@codehaus.se,p2d1234,9268457807
9287046414,Murphy,Pat,pat.murphy.9287046414@codehaus.se,p2d1234,9287046414
9299945842,Willms,Willow,willow.willms.9299945842@codehaus.se,p2d1234,9299945842
9310903236,Hodkiewicz,Leann,leann.hodkiewicz.9310903236@codehaus.se,p2d1234,9310903236
9313949617,Emard,Tremaine,tremaine.emard.9313949617@codehaus.se,p2d1234,9313949617
9323938242,McCullough,Alberta,alberta.mccullough.9323938242@codehaus.se,p2d1234,9323938242
9336211210,Wolf,Brown,brown.wolf.9336211210@codehaus.se,p2d1234,9336211210
9339896710,White,Ada,ada.white.9339896710@codehaus.se,p2d1234,9339896710
9370193200,Boehm,Katlynn,katlynn.boehm.9370193200@codehaus.se,p2d1234,9370193200
9374696788,Langworth,Ali,ali.langworth.9374696788@codehaus.se,p2d1234,9374696788
9391245080,Douglas,Kaia,kaia.douglas.9391245080@codehaus.se,p2d1234,9391245080
9393689740,Herman,Alexandrea,alexandrea.herman.9393689740@codehaus.se,p2d1234,9393689740
9402575342,Fahey,Audreanne,audreanne.fahey.9402575342@codehaus.se,p2d1234,9402575342
9412211447,Mohr,Donnell,donnell.mohr.9412211447@codehaus.se,p2d1234,9412211447
9418055747,Stoltenberg,Cornelius,cornelius.stoltenberg.9418055747@codehaus.se,p2d1234,9418055747
9434241632,Kessler,Lesley,lesley.kessler.9434241632@codehaus.se,p2d1234,9434241632
9435176665,Bartell,Maida,maida.bartell.9435176665@codehaus.se,p2d1234,9435176665
9445735182,Ruecker,Marlen,marlen.ruecker.9445735182@codehaus.se,p2d1234,9445735182
9449876876,Halvorson,Maybell,maybell.halvorson.9449876876@codehaus.se,p2d1234,9449876876
9452689970,Brakus,Herbert,herbert.brakus.9452689970@codehaus.se,p2d1234,9452689970
9454744514,Mills,Florida,florida.mills.9454744514@codehaus.se,p2d1234,9454744514
9470507141,Okuneva,Delbert,delbert.okuneva.9470507141@codehaus.se,p2d1234,9470507141
9472969098,Morar,Kendra,kendra.morar.9472969098@codehaus.se,p2d1234,9472969098
9477590565,Lubowitz,Casimer,casimer.lubowitz.9477590565@codehaus.se,p2d1234,9477590565
9484063536,Breitenberg,Stacy,stacy.breitenberg.9484063536@codehaus.se,p2d1234,9484063536
9494806739,Schneider,Elouise,elouise.schneider.9494806739@codehaus.se,p2d1234,9494806739
9499293448,Shanahan,Gustave,gustave.shanahan.9499293448@codehaus.se,p2d1234,9499293448
9500140726,Koelpin,Alison,alison.koelpin.9500140726@codehaus.se,p2d1234,9500140726
9512480896,Runolfsson,Korbin,korbin.runolfsson.9512480896@codehaus.se,p2d1234,9512480896
9519391342,Denesik,Esther,esther.denesik.9519391342@codehaus.se,p2d1234,9519391342
9526341343,DuBuque,Zakary,zakary.dubuque.9526341343@codehaus.se,p2d1234,9526341343
9537573281,Gerlach,General,general.gerlach.9537573281@codehaus.se,p2d1234,9537573281
9543208635,Witting,Elenora,elenora.witting.9543208635@codehaus.se,p2d1234,9543208635
9563788284,Miller,Leonel,leonel.miller.9563788284@codehaus.se,p2d1234,9563788284
9572058145,Rutherford,Callie,callie.rutherford.9572058145@codehaus.se,p2d1234,9572058145
9610942828,Marvin,Izaiah,izaiah.marvin.9610942828@codehaus.se,p2d1234,9610942828
9624503091,DuBuque,Hollis,hollis.dubuque.9624503091@codehaus.se,p2d1234,9624503091
9630566346,Mills,Cielo,cielo.mills.9630566346@codehaus.se,p2d1234,9630566346
9641694387,Yost,Rosendo,rosendo.yost.9641694387@codehaus.se,p2d1234,9641694387
9676371173,Sauer,Arvid,arvid.sauer.9676371173@codehaus.se,p2d1234,9676371173
9684124845,Wiegand,Britney,britney.wiegand.9684124845@codehaus.se,p2d1234,9684124845
9690347531,Nader,Steve,steve.nader.9690347531@codehaus.se,p2d1234,9690347531
9691180223,Schroeder,Ransom,ransom.schroeder.9691180223@codehaus.se,p2d1234,9691180223
9693720851,Daugherty,Paul,paul.daugherty.9693720851@codehaus.se,p2d1234,9693720851
9701340142,Yundt,Brook,brook.yundt.9701340142@codehaus.se,p2d1234,9701340142
9704213013,Nicolas,Maxine,maxine.nicolas.9704213013@codehaus.se,p2d1234,9704213013
9715704109,Lind,Pauline,pauline.lind.9715704109@codehaus.se,p2d1234,9715704109
9742629636,Turcotte,Wilfred,wilfred.turcotte.9742629636@codehaus.se,p2d1234,9742629636
9752355353,Nitzsche,Jaclyn,jaclyn.nitzsche.9752355353@codehaus.se,p2d1234,9752355353
9766563848,Bogisich,Fritz,fritz.bogisich.9766563848@codehaus.se,p2d1234,9766563848
9766747037,Hill,Angelita,angelita.hill.9766747037@codehaus.se,p2d1234,9766747037
9785994260,Bernhard,Malinda,malinda.bernhard.9785994260@codehaus.se,p2d1234,9785994260
9788483057,Prohaska,Akeem,akeem.prohaska.9788483057@codehaus.se,p2d1234,9788483057
9820971680,Marquardt,Delphia,delphia.marquardt.9820971680@codehaus.se,p2d1234,9820971680
9838656060,Connelly,Ariel,ariel.connelly.9838656060@codehaus.se,p2d1234,9838656060
9848920928,Vandervort,Michele,michele.vandervort.9848920928@codehaus.se,p2d1234,9848920928
9853797901,Parker,Ezekiel,ezekiel.parker.9853797901@codehaus.se,p2d1234,9853797901
9862114291,Dietrich,Emmanuel,emmanuel.dietrich.9862114291@codehaus.se,p2d1234,9862114291
9864633185,Donnelly,Hailie,hailie.donnelly.9864633185@codehaus.se,p2d1234,9864633185
9876483696,Lebsack,Daisha,daisha.lebsack.9876483696@codehaus.se,p2d1234,9876483696
9881063839,Willms,Chanel,chanel.willms.9881063839@codehaus.se,p2d1234,9881063839
9884930115,Kuhn,Taurean,taurean.kuhn.9884930115@codehaus.se,p2d1234,9884930115
9893731031,Botsford,Taya,taya.botsford.9893731031@codehaus.se,p2d1234,9893731031
9905655349,Hartmann,Kyle,kyle.hartmann.9905655349@codehaus.se,p2d1234,9905655349
9907015289,Stokes,Oswaldo,oswaldo.stokes.9907015289@codehaus.se,p2d1234,9907015289
9916753992,Zboncak,Julia,julia.zboncak.9916753992@codehaus.se,p2d1234,9916753992
9919462078,Koch,Seamus,seamus.koch.9919462078@codehaus.se,p2d1234,9919462078
9927722965,Kassulke,Claude,claude.kassulke.9927722965@codehaus.se,p2d1234,9927722965
9948815088,Runolfsson,Ruby,ruby.runolfsson.9948815088@codehaus.se,p2d1234,9948815088
9963523771,White,Lorenz,lorenz.white.9963523771@codehaus.se,p2d1234,9963523771
9968894019,Goldner,Laisha,laisha.goldner.9968894019@codehaus.se,p2d1234,9968894019
9991386623,Wiza,Mark,mark.wiza.9991386623@codehaus.se,p2d1234,9991386623
9994441910,Wilkinson,Garth,garth.wilkinson.9994441910@codehaus.se,p2d1234,9994441910
